Gender,AgeCategory,IncomeCat,Vicinity,TimeBrowse,RepeatCust,NoVisits,Sample,Tour,WeekDay,TimeofDay,WinePref,Purchase,Amount,Season,Hi Temp
2,4,2,1,1,2,0,1,2,6,1,1,2,0,2,45
2,3,6,3,2,1,1,1,2,6,4,3,1,43.46,2,34
1,4,4,3,3,2,0,1,1,5,5,2,1,13.59,2,30
1,4,8,3,3,1,1,1,2,6,2,2,1,13.59,1,10
2,5,6,3,5,1,1,2,1,6,2,1,1,91.82,4,52
1,3,4,3,2,1,2,1,1,7,1,3,1,13.59,3,71
2,4,6,3,5,2,0,2,1,5,5,1,1,45.08,3,78
2,1,6,4,3,2,0,2,1,1,4,2,2,0,2,46
1,3,1,3,3,2,0,1,2,5,3,3,1,13.59,3,90
1,6,3,3,3,1,4,1,1,6,1,3,1,13.59,4,54
2,5,3,4,2,1,4,1,1,5,5,1,1,74.49,4,58
2,6,8,3,1,2,0,1,2,6,5,2,1,57.31,2,47
1,4,2,3,3,2,0,2,2,6,3,1,1,13.59,2,40
2,1,7,4,1,2,0,1,1,1,1,3,1,26.06,4,69
1,2,6,4,2,1,1,1,2,6,5,2,1,13.59,3,79
2,3,2,1,4,2,0,1,2,7,1,3,2,0,4,62
1,3,7,4,4,1,1,1,2,7,4,1,1,13.59,3,69
1,2,5,3,5,2,0,1,1,1,4,2,1,13.59,4,56
2,3,9,4,3,2,0,2,2,6,3,1,1,46.96,4,63
2,5,9,4,3,2,0,2,1,6,4,3,1,86.74,3,78
1,6,5,3,2,2,0,1,1,6,2,1,1,13.59,2,52
1,3,6,1,4,2,0,1,1,5,4,2,1,13.59,1,23
1,4,4,3,1,1,2,1,1,7,2,3,1,13.59,3,84
1,1,3,4,3,1,2,1,1,7,1,3,1,13.59,4,55
2,2,2,3,5,1,1,1,2,5,1,2,1,50.68,2,31
2,5,2,4,1,2,0,2,2,1,5,1,2,0,2,55
1,4,8,1,3,2,0,1,2,2,1,3,1,13.59,2,43
1,3,4,4,1,2,0,1,2,6,4,2,1,13.59,3,76
1,5,6,3,2,1,1,2,1,5,1,2,1,13.59,2,50
1,1,3,3,2,2,0,1,1,6,4,3,1,13.59,1,24
2,5,1,4,4,2,0,1,2,5,5,2,1,59.67,4,65
2,3,7,3,5,2,0,1,1,6,2,2,1,60.2,3,81
2,3,2,3,3,2,0,1,2,5,4,2,1,93.34,2,52
1,6,5,1,5,1,4,1,1,6,3,1,1,13.59,3,75
2,6,6,1,4,2,0,1,1,6,4,2,2,0,2,44
2,3,5,4,4,2,0,1,1,5,2,2,2,0,2,49
2,6,7,3,5,2,0,1,1,1,1,3,1,75.88,4,67
2,5,5,1,3,2,0,1,2,2,3,1,2,0,4,54
1,6,1,1,5,2,0,2,1,6,1,3,1,13.59,4,53
1,1,1,3,3,2,0,1,2,7,4,2,1,13.59,3,68
2,4,9,3,4,2,0,1,1,1,4,3,1,37.95,3,72
1,4,1,1,4,2,0,1,1,5,5,1,1,13.59,2,43
1,5,9,4,4,2,0,1,1,6,1,2,1,13.59,3,69
2,2,5,3,3,1,1,1,2,1,3,1,1,22.03,4,57
1,4,6,3,4,2,0,2,1,1,2,3,1,13.59,2,49
1,1,9,3,5,2,0,1,2,1,1,1,1,13.59,2,54
2,5,3,2,5,2,0,2,1,6,2,3,2,0,4,63
2,2,8,1,1,2,0,1,2,2,4,2,2,0,2,53
2,3,7,4,4,2,0,1,1,2,2,1,2,0,2,40
1,1,7,4,1,2,0,2,1,1,4,1,1,13.59,4,61
1,3,8,3,2,2,0,1,1,6,4,3,1,13.59,4,55
2,3,8,3,4,2,0,1,2,5,2,2,1,78.86,1,23
2,5,1,4,2,2,0,1,1,5,3,1,1,23.7,3,89
2,2,9,4,2,2,0,1,2,5,2,2,2,0,2,48
1,4,8,4,5,2,0,1,2,5,3,2,1,13.59,3,88
2,6,5,1,2,1,4,2,2,5,2,3,2,0,2,33
2,1,1,4,4,1,3,2,1,1,3,3,2,0,1,23
1,6,6,3,1,1,3,2,1,1,1,2,1,13.59,1,22
2,1,9,1,2,2,0,1,1,7,3,3,1,86.33,4,57
2,6,7,3,3,1,1,1,1,5,3,1,1,37.95,1,30
2,4,4,2,5,1,3,2,1,3,3,2,2,0,3,78
2,2,3,1,1,2,0,1,2,5,2,1,2,0,3,73
2,1,1,4,2,1,3,1,2,5,1,3,2,0,2,47
1,2,8,3,1,2,0,1,2,5,1,3,1,13.59,2,54
2,1,6,4,1,2,0,1,1,5,4,1,1,17.78,4,67
2,5,4,2,1,1,4,2,1,2,5,3,2,0,4,61
1,3,1,1,1,1,1,1,2,5,1,3,1,13.59,2,37
2,6,5,1,1,1,1,1,1,1,3,1,1,80.62,3,69
2,6,9,4,1,2,0,2,1,5,1,3,1,31.42,3,74
2,2,8,1,4,2,0,1,2,6,5,1,1,90.44,3,90
1,3,9,3,4,2,0,1,1,5,3,1,1,13.59,1,23
2,6,4,3,3,2,0,1,1,6,2,3,1,54.46,4,67
1,3,5,1,5,1,3,2,1,6,5,2,1,13.59,4,65
2,4,8,4,2,2,0,1,2,1,5,2,2,0,3,77
1,2,6,3,4,1,2,1,1,6,5,2,1,13.59,2,41
1,6,8,4,5,1,1,1,2,6,2,1,1,13.59,3,87
1,2,1,1,5,2,0,1,2,6,4,3,1,13.59,2,42
1,6,5,4,1,1,1,1,2,7,4,2,1,13.59,2,40
1,2,8,3,4,1,3,1,1,6,2,1,1,13.59,1,32
1,5,5,4,4,2,0,2,1,6,2,3,1,13.59,2,37
1,3,5,3,5,1,3,1,1,5,4,2,1,13.59,4,59
2,3,5,4,2,2,0,1,1,6,3,3,1,40.37,1,8
2,5,9,1,1,1,4,2,1,4,3,1,2,0,4,55
2,6,1,4,2,2,0,1,1,5,4,2,1,65.66,3,82
2,4,5,1,5,2,0,1,2,5,1,1,1,74.67,2,42
1,5,6,3,4,1,4,2,2,1,2,1,1,13.59,3,76
2,2,1,3,2,2,0,1,2,5,2,3,1,18.44,2,50
2,2,9,1,4,2,0,1,2,1,1,3,2,0,4,70
1,6,4,4,1,2,0,2,1,5,2,1,1,13.59,3,72
1,6,9,4,1,1,4,1,2,5,1,1,1,13.59,3,84
1,5,1,4,5,2,0,1,1,5,5,3,1,13.59,1,9
2,5,3,2,5,1,4,2,1,3,1,1,2,0,4,60
2,3,2,1,5,2,0,1,1,5,4,2,1,85.09,4,70
1,6,9,3,1,1,1,2,1,6,3,3,1,13.59,4,59
2,5,7,3,2,1,3,1,2,6,4,1,1,68.91,2,51
1,4,7,1,1,2,0,1,2,6,3,1,1,13.59,4,63
1,5,9,1,1,1,3,2,1,5,5,2,1,13.59,4,64
2,4,1,1,5,1,2,1,2,1,3,2,1,42.31,1,9
1,3,7,4,1,2,0,1,2,6,4,2,1,13.59,4,55
1,3,1,1,4,1,4,1,1,7,1,1,1,13.59,2,54
1,6,2,3,1,2,0,1,1,1,3,2,1,13.59,2,35
1,2,8,4,3,1,4,1,1,6,5,2,1,13.59,4,64
2,3,9,1,1,1,2,1,2,7,5,1,2,0,4,52
1,6,1,3,3,1,4,2,1,6,2,1,1,13.59,1,15
1,5,9,4,1,2,0,1,1,6,5,1,1,13.59,2,44
2,6,6,3,1,2,0,2,1,1,3,2,1,37.95,1,30
2,5,9,1,1,2,0,1,1,6,1,1,1,61.53,2,50
2,1,2,2,3,2,0,1,1,5,5,2,2,0,4,65
2,5,3,3,5,2,0,1,2,5,3,2,1,37.95,4,70
1,1,2,3,4,1,4,1,2,6,3,3,1,13.59,3,68
2,6,2,3,4,1,4,1,2,7,3,1,1,37.95,2,31
1,1,2,4,1,1,3,1,1,6,1,2,1,13.59,2,40
1,3,3,3,2,2,0,2,1,6,2,1,1,13.59,3,81
1,3,1,3,4,1,2,2,2,7,5,3,1,13.59,3,90
2,4,8,1,1,2,0,2,2,6,4,3,2,0,1,4
2,5,3,3,2,1,3,1,1,5,4,1,1,83.19,4,65
2,6,8,3,4,1,4,1,1,6,4,1,1,59.68,2,53
1,4,9,4,1,1,1,1,1,5,1,3,1,13.59,3,78
1,2,9,4,3,2,0,1,2,1,2,3,1,13.59,1,23
2,5,4,3,2,1,3,1,1,1,5,2,1,28.85,1,11
2,4,2,4,3,2,0,1,2,7,1,2,1,55.2,3,87
2,2,2,1,1,1,4,2,2,2,2,2,2,0,1,6
2,5,6,3,4,2,0,2,1,1,3,3,1,24.47,3,85
1,5,4,4,3,1,1,2,2,5,3,1,1,13.59,4,50
2,1,1,2,1,2,0,1,1,3,4,1,2,0,1,3
2,1,2,2,2,1,4,1,1,3,2,3,2,0,1,26
1,4,2,3,1,1,3,1,2,1,5,1,1,13.59,1,13
1,5,6,3,1,2,0,1,2,5,3,2,1,13.59,2,41
1,5,5,1,3,2,0,1,2,5,1,3,1,13.59,3,87
1,2,1,1,4,1,3,1,1,5,3,3,1,13.59,2,39
1,5,9,3,1,1,1,1,1,5,2,2,1,13.59,3,86
2,5,2,4,2,2,0,2,1,5,2,3,1,59.89,3,86
1,2,1,3,5,2,0,1,2,5,5,2,1,13.59,4,68
2,3,2,4,2,1,3,1,2,7,5,3,2,0,3,84
2,3,8,3,5,1,4,1,1,1,5,1,1,12.94,3,82
2,3,4,3,4,2,0,1,1,5,5,1,1,38.85,2,43
2,4,6,2,5,2,0,2,2,4,1,2,2,0,1,30
1,6,5,3,1,2,0,1,1,5,5,3,1,13.59,2,44
2,1,1,3,4,2,0,2,1,7,4,3,1,63.46,1,19
1,2,8,1,4,2,0,1,2,6,2,3,1,13.59,3,80
2,1,1,2,1,2,0,2,2,4,2,1,2,0,3,70
1,3,2,3,4,1,3,1,2,5,5,3,1,13.59,4,63
2,3,1,3,4,1,4,1,2,6,4,1,1,37.95,2,30
1,5,4,3,1,1,2,1,1,6,4,2,1,13.59,4,67
1,6,8,3,3,2,0,1,2,6,3,1,1,13.59,3,90
2,5,4,1,5,2,0,1,1,6,1,3,1,77.2,4,65
1,1,4,4,4,1,1,1,1,5,3,1,1,13.59,3,84
2,2,9,3,5,1,4,1,1,6,2,1,1,50.69,1,7
2,1,4,3,2,2,0,1,1,5,2,1,1,10.87,4,52
1,4,1,3,5,1,1,1,1,7,3,3,1,13.59,3,71
2,4,9,3,5,1,4,1,1,6,1,2,1,74.3,1,32
1,4,4,3,2,1,3,1,1,1,2,1,1,13.59,4,61
1,3,8,4,5,2,0,1,2,6,3,2,1,13.59,4,55
1,5,6,3,3,2,0,2,1,1,3,3,1,13.59,1,25
2,6,1,3,2,2,0,1,1,1,1,3,1,12.84,2,32
1,4,4,3,5,1,3,1,1,6,1,1,1,13.59,2,51
2,5,4,2,3,2,0,2,2,3,1,3,2,0,4,64
1,3,6,1,4,1,4,1,1,7,1,1,1,13.59,2,41
1,2,9,3,5,1,1,1,2,6,5,2,1,13.59,3,90
1,1,9,3,4,2,0,1,2,5,4,3,1,13.59,2,52
2,2,8,2,1,2,0,1,1,2,4,3,2,0,3,70
1,5,4,4,4,1,2,1,1,6,3,3,1,13.59,4,62
1,3,4,4,3,1,1,2,1,5,1,2,1,13.59,3,90
2,4,9,4,3,2,0,1,2,5,2,1,1,17.52,3,82
1,6,8,4,2,1,3,1,1,5,2,3,1,13.59,4,62
2,6,4,3,5,2,0,1,1,6,3,1,1,37.95,3,81
2,2,7,2,3,1,1,1,2,5,4,3,2,0,3,77
2,6,6,3,4,1,1,1,1,5,2,3,1,52.34,2,51
2,2,5,3,1,1,1,1,1,6,1,2,1,59.88,4,63
2,6,1,1,4,1,3,2,1,1,5,2,2,0,1,21
2,6,4,3,4,1,2,1,2,5,2,1,1,51.36,2,35
1,5,3,3,5,2,0,1,1,5,4,3,1,13.59,2,40
1,5,1,3,3,2,0,1,2,7,5,3,1,13.59,3,70
2,6,2,2,4,1,4,1,1,5,5,2,2,0,2,35
1,5,2,3,2,2,0,1,1,5,2,1,1,13.59,3,76
1,2,5,3,5,2,0,1,2,6,3,1,1,13.59,3,77
1,1,4,3,3,1,1,2,2,6,2,3,1,13.59,4,56
2,1,8,3,5,2,0,1,1,6,3,2,1,51.77,4,50
1,5,8,3,4,1,4,1,2,6,2,3,1,13.59,3,69
1,4,4,1,1,1,1,1,1,6,5,3,1,13.59,4,52
2,3,1,2,1,2,0,1,2,3,1,3,2,0,1,15
2,6,8,3,3,2,0,1,1,6,4,3,1,37.95,3,88
2,6,7,3,4,2,0,1,2,5,4,2,1,37.95,2,39
1,6,2,3,3,1,1,1,1,7,4,2,1,13.59,1,28
1,4,1,3,2,2,0,1,1,7,1,2,1,13.59,2,30
1,3,9,1,4,1,2,1,2,6,4,2,1,13.59,4,56
1,6,3,4,1,2,0,1,2,5,5,3,1,13.59,4,50
2,5,9,3,5,1,4,2,2,6,3,1,1,41.48,3,81
1,3,9,3,2,1,3,1,1,6,5,3,1,13.59,4,55
2,6,2,1,1,2,0,1,2,1,5,3,1,92.11,2,37
1,1,5,1,4,2,0,1,2,7,5,3,1,13.59,3,74
2,4,2,3,1,2,0,1,2,5,5,2,1,37.95,2,51
2,5,3,4,1,1,1,1,2,7,4,1,1,16.71,3,69
1,1,5,3,4,2,0,1,1,5,5,2,1,13.59,3,68
2,4,1,1,1,2,0,2,2,3,2,3,2,0,4,66
1,3,7,1,4,1,4,2,1,1,2,1,1,13.59,3,77
1,6,5,1,2,1,1,1,1,7,4,3,1,13.59,4,67
2,4,8,3,3,2,0,1,1,1,4,3,1,31.97,3,69
2,2,9,3,4,1,3,1,2,6,4,3,1,46.67,3,76
2,5,1,2,5,2,0,1,1,2,1,2,2,0,2,38
1,3,4,1,2,1,3,1,1,5,5,2,1,13.59,2,42
1,3,1,4,4,1,1,1,1,5,4,2,1,13.59,3,83
1,3,8,1,2,2,0,2,1,7,5,1,1,13.59,4,51
1,3,1,4,1,2,0,2,1,6,5,2,1,13.59,4,55
1,5,7,3,5,1,2,1,1,7,3,2,1,13.59,4,50
1,4,9,3,3,2,0,1,1,5,2,2,1,13.59,3,69
2,4,1,2,1,1,2,2,1,2,1,1,2,0,1,11
1,3,2,4,1,1,3,1,1,5,4,1,1,13.59,2,37
1,4,5,1,2,1,3,1,2,5,1,3,1,13.59,3,90
2,1,2,3,4,1,1,2,2,5,5,2,1,28.4,2,55
2,1,4,4,3,1,4,1,1,6,3,2,2,0,1,7
2,5,9,1,5,1,2,1,2,5,4,3,1,95.93,2,31
2,3,3,2,1,1,3,2,1,1,1,2,2,0,3,71
1,1,8,3,1,2,0,1,2,1,3,1,1,13.59,3,79
2,5,4,2,4,1,3,1,1,3,3,1,2,0,3,80
2,3,4,2,2,1,2,1,2,1,3,3,2,0,3,68
1,3,6,4,3,2,0,1,2,6,1,2,1,13.59,3,85
2,4,3,3,3,2,0,2,2,5,3,1,1,55.65,1,18
1,2,8,3,2,1,2,1,1,1,5,1,1,13.59,4,53
2,2,3,4,1,2,0,1,1,1,5,2,1,57.25,3,74
1,3,9,3,2,1,4,1,1,6,5,3,1,13.59,3,88
2,3,5,4,5,2,0,1,2,1,3,2,1,26.89,4,64
1,5,8,3,3,1,3,1,2,6,5,1,1,13.59,2,30
2,4,7,1,2,2,0,1,1,6,3,3,1,42.44,4,50
2,2,4,2,2,1,3,2,2,6,4,1,2,0,2,31
2,6,3,1,3,1,2,2,1,1,2,1,2,0,4,66
1,4,3,1,3,1,1,1,2,7,3,2,1,13.59,4,59
1,5,8,1,4,2,0,1,1,7,2,3,1,13.59,2,49
2,5,4,4,5,1,1,2,1,7,1,1,2,0,2,34
1,4,8,3,3,1,4,1,1,1,5,3,1,13.59,3,87
1,5,8,3,4,2,0,2,1,6,2,2,1,13.59,2,34
2,3,8,3,1,1,4,1,2,5,1,1,1,95.92,3,90
2,6,8,4,4,2,0,2,1,4,1,2,2,0,4,55
1,3,1,3,3,2,0,1,1,6,4,2,1,13.59,4,51
1,3,3,3,3,2,0,1,1,3,5,2,1,13.59,4,56
1,2,1,1,1,1,3,1,1,6,3,1,1,13.59,4,54
2,4,5,3,1,1,1,1,1,6,2,3,1,77.5,2,39
2,4,8,4,1,2,0,1,1,3,5,3,2,0,4,69
1,2,5,3,5,2,0,1,2,7,4,3,1,13.59,2,33
2,1,9,3,1,2,0,1,2,6,2,2,1,24.65,4,64
2,5,1,3,4,2,0,1,2,7,2,2,1,24.65,4,68
2,1,5,4,4,2,0,1,2,7,3,2,1,24.65,2,30
2,1,8,1,2,2,0,1,1,1,1,2,1,61.36,3,73
2,1,6,4,3,2,0,1,2,6,1,1,1,12.25,4,70
2,1,2,3,1,1,2,2,2,7,4,1,1,24.65,2,53
2,5,1,3,5,1,2,1,1,6,4,1,1,24.65,4,65
1,4,8,4,1,1,1,1,1,7,2,3,1,13.59,2,50
1,3,4,4,1,2,0,1,1,1,3,3,1,13.59,4,67
1,5,4,1,2,2,0,2,1,6,5,3,1,13.59,2,53
1,1,4,1,3,2,0,2,2,2,1,1,1,13.59,4,61
1,1,5,1,2,2,0,1,2,6,5,1,1,13.59,4,50
1,3,2,3,1,1,4,1,1,2,4,2,1,13.59,3,77
1,4,7,3,5,1,2,1,2,6,5,1,1,13.59,4,70
1,3,8,3,3,2,0,1,1,7,4,2,1,13.59,4,55
2,1,2,4,1,2,0,1,2,7,5,2,1,77.12,3,69
2,1,2,3,4,1,2,1,1,6,5,3,1,24.65,4,52
1,5,9,4,5,2,0,1,1,6,4,2,1,13.59,4,63
2,2,1,3,5,2,0,1,1,4,4,3,1,20.33,4,57
1,6,3,1,2,2,0,1,1,6,5,3,1,13.59,3,78
2,1,4,3,1,2,0,1,1,1,5,3,1,72.92,2,43
1,3,1,3,3,1,3,1,1,3,4,2,1,13.59,3,76
2,5,1,4,3,2,0,2,1,5,1,2,1,36.62,3,79
2,3,3,3,3,1,3,1,2,1,4,3,1,24.65,4,69
1,3,7,1,4,2,0,1,2,6,2,1,1,13.59,3,79
2,2,5,3,5,1,4,2,2,6,3,1,1,24.65,2,37
1,1,4,4,5,2,0,2,1,5,3,3,1,13.59,2,34
2,5,4,1,2,1,2,1,1,2,2,2,1,39.35,4,68
2,1,4,3,4,2,0,1,1,1,2,3,1,24.65,2,49
2,4,4,3,5,2,0,1,1,5,5,1,1,85.42,4,57
1,3,5,3,3,2,0,1,2,5,2,3,1,13.59,2,32
2,2,4,4,3,1,3,1,2,2,1,1,1,26.31,4,64
1,1,5,4,1,1,2,1,1,5,4,2,1,13.59,4,52
1,5,5,4,5,2,0,1,1,1,5,1,1,13.59,4,66
2,2,4,3,2,1,3,1,1,4,5,3,1,24.65,2,43
2,5,4,4,2,1,1,1,1,5,1,3,1,24.65,1,15
1,6,8,1,4,2,0,2,2,6,4,2,1,13.59,3,76
1,4,4,3,5,1,3,1,1,1,4,1,1,13.59,1,23
1,6,9,3,3,2,0,2,1,5,5,2,1,13.59,3,81
1,4,6,3,2,1,3,1,2,1,2,1,1,13.59,2,38
2,4,5,4,2,1,2,1,2,5,3,2,1,60.41,3,79
1,4,6,4,2,1,3,1,1,2,5,2,1,13.59,2,49
2,5,4,3,5,2,0,1,2,5,2,1,1,24.65,1,25
1,3,4,3,2,2,0,1,2,5,5,3,1,13.59,3,70
2,4,3,4,1,1,3,1,1,7,4,3,1,24.65,4,52
1,1,5,4,2,1,4,1,1,4,3,1,1,13.59,2,46
1,4,3,4,1,2,0,2,1,5,5,1,1,13.59,3,90
1,4,4,4,4,2,0,1,2,5,2,3,1,13.59,4,50
1,4,4,3,4,2,0,1,1,5,3,3,1,13.59,2,52
2,2,6,1,3,2,0,1,1,2,3,1,1,24.65,3,68
2,1,6,3,4,1,3,2,2,1,5,1,1,27.35,4,66
1,1,2,3,2,2,0,1,2,7,4,1,1,13.59,3,79
2,1,1,3,3,1,3,1,1,5,1,2,1,18.55,4,66
2,1,3,3,2,1,4,1,1,5,1,1,1,24.65,1,28
1,3,7,1,2,1,2,2,2,1,2,1,1,13.59,4,60
2,5,4,3,3,1,1,1,1,3,3,1,1,24.65,4,58
1,1,4,3,3,2,0,1,1,7,4,1,1,13.59,4,62
1,1,7,4,3,1,1,1,2,5,2,3,1,13.59,1,16
1,1,5,3,1,1,1,1,1,5,4,1,1,13.59,4,56
2,5,3,3,1,1,2,1,2,7,5,1,1,24.65,1,27
2,2,7,3,1,2,0,1,2,5,4,3,1,24.65,1,16
1,2,1,3,4,2,0,2,1,1,1,3,1,13.59,4,69
1,4,2,1,1,2,0,1,2,4,4,2,1,13.59,4,55
1,5,8,4,1,2,0,2,2,1,4,3,1,13.59,4,67
1,5,9,3,5,2,0,1,2,7,2,3,1,13.59,2,33
1,6,2,3,2,2,0,2,1,5,4,2,1,13.59,3,77
1,3,8,1,1,2,0,1,1,6,3,1,1,13.59,3,90
1,2,3,3,2,2,0,1,1,3,4,1,1,13.59,4,53
2,3,2,4,4,2,0,1,1,5,3,3,1,24.65,2,38
1,2,1,4,2,2,0,1,1,1,1,1,1,13.59,4,60
2,2,9,3,4,2,0,1,2,3,5,2,1,24.65,2,55
2,6,6,3,5,2,0,1,1,1,1,1,1,24.65,2,54
1,6,2,1,4,2,0,1,2,7,3,3,1,13.59,3,82
1,1,7,3,5,1,1,1,1,6,4,2,1,13.59,3,88
2,6,2,2,4,1,3,2,1,6,2,2,1,24.65,3,79
2,6,7,2,5,2,0,2,2,5,1,3,1,11.14,2,50
1,5,3,2,3,1,4,1,1,1,3,3,1,13.59,2,33
2,4,4,4,1,2,0,1,2,5,3,1,1,51.58,1,23
1,1,5,4,3,2,0,1,2,6,2,2,1,13.59,4,52
1,3,5,2,1,1,2,1,2,5,1,1,1,13.59,3,76
1,1,5,4,4,2,0,1,2,6,5,2,1,13.59,2,34
2,5,7,1,4,2,0,2,2,5,1,1,1,21.27,2,43
2,5,8,1,2,2,0,1,1,6,3,1,1,24.65,2,34
1,5,5,3,3,1,4,1,1,4,1,3,1,13.59,2,30
1,3,9,3,4,2,0,2,2,5,3,3,1,13.59,2,43
1,4,2,1,2,2,0,1,1,5,1,1,1,13.59,4,68
1,1,2,4,4,2,0,1,1,6,2,3,1,13.59,2,37
2,5,2,4,1,1,2,1,1,7,2,1,1,94.01,4,66
2,4,5,2,3,1,1,1,2,5,5,1,1,21.05,3,89
1,4,7,3,3,2,0,1,2,5,1,1,1,13.59,4,52
1,3,3,1,3,2,0,2,2,5,5,3,1,13.59,4,70
2,4,7,3,4,2,0,1,2,6,1,3,1,24.65,1,3
1,1,7,2,3,2,0,1,1,4,3,2,1,13.59,3,82
2,2,4,4,2,1,2,1,2,7,5,1,1,80.47,1,15
2,1,8,3,1,2,0,1,1,6,2,2,1,24.65,3,74
2,2,5,4,3,2,0,1,2,2,1,2,1,24.65,4,61
1,3,5,3,3,1,2,1,1,6,3,3,1,13.59,3,74
2,6,3,1,2,1,3,2,2,2,4,3,1,80.95,4,50
1,6,1,2,2,1,4,1,2,1,4,3,1,13.59,2,47
2,2,9,4,2,1,2,1,1,1,5,1,1,24.65,2,50
2,4,7,3,4,1,2,1,2,6,2,3,1,37.62,4,50
2,5,8,3,1,2,0,1,2,2,5,1,1,24.65,1,17
1,2,3,4,3,1,1,1,2,5,5,3,1,13.59,1,29
2,5,7,1,5,2,0,1,1,3,5,2,1,24.65,4,69
1,3,8,4,2,2,0,2,1,2,1,2,1,13.59,4,64
2,3,2,4,4,1,1,1,1,1,3,1,1,58.64,3,90
2,5,6,3,1,2,0,1,1,6,3,3,1,24.65,2,45
1,1,1,2,4,2,0,1,2,3,2,1,1,13.59,2,42
2,6,9,1,4,1,1,1,2,6,5,1,1,65.17,3,88
2,2,8,1,1,1,1,1,2,6,2,1,1,24.65,3,69
2,5,2,4,1,1,3,1,2,5,4,3,1,24.65,2,39
2,3,3,2,3,2,0,1,1,1,2,1,1,14.38,3,78
2,4,1,2,4,2,0,1,2,5,1,2,1,50.03,3,73
1,6,4,2,5,1,4,1,1,6,3,3,1,13.59,1,28
2,2,9,1,2,2,0,2,2,2,1,3,1,24.65,1,21
1,4,3,4,4,2,0,1,2,1,1,2,1,13.59,3,81
2,1,3,2,5,2,0,1,1,6,5,3,1,39.67,4,60
1,1,8,2,1,2,0,1,1,1,2,2,1,13.59,2,33
1,4,1,2,4,1,3,1,1,4,1,1,1,13.59,1,10
2,2,8,4,2,1,2,1,1,3,2,1,1,70.95,3,75
2,3,9,1,3,2,0,2,1,6,4,3,1,62.6,3,88
1,2,4,3,3,1,3,1,2,6,2,3,1,13.59,1,32
1,6,5,4,1,2,0,1,2,4,2,1,1,13.59,2,47
2,1,4,1,1,2,0,1,1,1,3,2,1,57.48,4,67
1,3,7,3,3,1,3,1,2,7,2,1,1,13.59,4,63
2,5,8,2,2,1,4,1,2,5,2,3,1,83.12,3,76
2,3,9,4,3,2,0,1,1,6,4,1,1,24.65,4,66
1,5,2,2,4,2,0,1,2,5,2,3,1,13.59,1,32
1,5,6,2,1,1,3,2,1,6,3,3,1,13.59,4,63
1,2,3,4,5,2,0,1,1,1,3,2,1,13.59,1,15
1,2,1,4,1,2,0,2,1,7,2,2,1,13.59,4,59
1,4,1,1,3,2,0,1,1,6,5,3,1,13.59,2,52
1,5,4,1,5,2,0,1,2,6,1,2,1,13.59,4,57
2,2,1,3,5,1,1,1,1,6,4,3,1,24.65,3,71
2,2,4,1,5,2,0,1,2,6,1,2,1,24.65,3,68
1,3,6,2,1,1,2,1,2,7,4,3,1,13.59,4,60
1,4,8,4,4,2,0,1,1,6,3,2,1,13.59,1,3
1,2,7,4,1,1,4,2,2,5,2,3,1,13.59,4,70
1,5,6,3,4,2,0,1,1,4,2,3,1,13.59,1,16
2,2,5,4,1,1,2,1,2,5,3,1,1,24.65,2,36
1,3,7,2,2,1,2,1,1,3,3,3,1,13.59,3,84
2,6,1,3,5,2,0,1,1,7,5,1,1,76.7,3,78
1,5,7,4,5,2,0,1,1,5,1,2,1,13.59,3,87
1,4,1,4,4,1,4,1,1,7,1,3,1,13.59,4,54
1,5,3,4,3,2,0,1,2,5,4,3,1,13.59,1,32
1,2,9,4,1,2,0,2,2,5,2,2,1,13.59,4,66
1,2,6,3,3,1,4,1,1,5,1,2,1,13.59,1,24
2,4,8,2,1,1,1,1,2,5,2,2,1,24.65,1,32
1,3,3,2,1,1,4,2,2,5,5,1,1,13.59,3,73
2,1,1,2,5,1,1,1,1,5,2,3,1,24.65,4,68
2,3,7,4,4,1,1,1,1,5,5,3,1,24.65,2,40
2,4,3,3,4,2,0,1,1,3,5,3,1,65.27,3,69
1,2,2,1,1,1,1,2,1,6,2,2,1,13.59,3,77
1,6,5,1,3,1,3,1,2,2,5,1,1,13.59,1,10
2,5,5,2,2,2,0,1,1,2,1,3,1,65.94,4,62
2,4,5,1,1,1,2,1,2,2,1,2,1,24.65,1,31
1,2,9,1,1,2,0,2,1,2,2,2,1,13.59,2,51
1,6,6,3,2,2,0,1,1,6,2,2,1,13.59,4,57
2,6,9,2,4,1,2,1,2,5,3,1,1,24.65,3,80
2,3,5,1,4,2,0,2,1,1,1,2,1,81.14,1,8
2,5,6,2,1,1,1,2,2,4,1,3,1,15.12,4,70
1,4,6,3,4,2,0,1,2,7,1,2,1,13.59,3,73
2,6,6,2,5,1,2,1,2,7,2,2,1,24.65,4,62
2,3,3,1,4,1,2,2,1,1,2,1,1,24.65,4,56
1,1,5,4,1,1,3,2,1,6,2,3,1,13.59,3,79
1,6,6,1,4,2,0,1,1,7,2,1,1,13.59,3,82
2,6,4,4,2,1,2,1,2,2,5,3,1,68,1,28
1,5,9,4,1,2,0,1,2,3,1,1,1,13.59,3,86
1,2,9,3,5,2,0,1,1,2,5,2,1,13.59,3,89
1,2,9,3,3,2,0,2,2,3,4,1,1,13.59,2,30
2,3,2,4,2,2,0,1,1,4,2,1,1,41.75,2,44
1,5,4,2,2,2,0,1,1,2,5,1,1,13.59,4,50
1,1,5,3,1,2,0,2,1,5,4,1,1,13.59,2,44
2,4,4,3,4,1,2,1,1,4,5,3,1,10.87,3,85
2,4,9,3,2,2,0,1,1,1,2,2,1,53.52,3,81
1,3,9,2,3,1,4,1,2,3,2,2,1,13.59,4,63
2,5,2,2,2,1,1,1,1,3,4,3,1,97.7,3,83
1,4,1,2,5,1,2,1,1,5,1,1,1,13.59,1,18
2,5,6,3,4,1,4,2,2,5,3,3,1,23.59,3,73
2,2,1,4,4,2,0,2,2,2,1,3,1,24.65,3,89
1,3,5,1,1,2,0,1,2,6,2,3,1,13.59,3,82
2,1,8,4,2,2,0,1,1,1,5,2,1,94.96,3,68
2,4,7,1,2,2,0,1,2,4,4,1,1,47.22,2,38
1,6,4,3,1,2,0,1,2,4,2,2,1,13.59,3,73
2,5,1,1,2,1,4,1,2,2,5,2,1,65.94,2,42
2,2,9,3,5,1,1,1,1,5,1,1,1,24.65,4,69
2,1,9,1,5,2,0,2,1,1,2,2,1,90.38,4,67
1,5,3,2,2,2,0,1,1,5,2,2,1,13.59,2,30
2,3,1,2,5,2,0,1,1,2,5,2,1,24.65,1,9
1,2,7,1,2,2,0,1,1,4,1,3,1,13.59,2,45
2,2,8,3,3,2,0,1,1,4,4,1,1,69.39,3,80
1,1,1,3,3,1,4,1,1,1,4,2,1,13.59,2,42
1,6,9,2,3,2,0,1,1,5,3,2,1,13.59,3,74
1,1,2,2,5,2,0,1,1,1,2,1,1,13.59,2,46
2,4,3,1,5,2,0,1,2,4,4,3,1,54.75,3,89
1,1,5,2,3,2,0,2,2,2,1,1,1,13.59,2,47
2,2,6,2,4,1,1,1,2,7,3,2,1,24.65,1,26
1,5,2,1,5,2,0,2,2,6,2,2,1,13.59,4,52
2,6,2,3,5,1,2,1,2,7,3,3,1,99.81,2,34
2,3,9,4,2,2,0,1,1,1,5,1,1,20.49,3,80
1,4,8,3,5,1,3,2,2,2,1,3,1,13.59,1,22
2,5,6,3,5,1,3,2,1,3,2,2,1,24.65,2,39
1,4,9,2,5,2,0,1,1,4,4,1,1,13.59,2,48
2,2,7,4,3,1,3,1,1,4,4,2,1,24.65,2,48
2,1,7,1,4,1,3,2,2,6,3,1,1,82.17,2,54
1,4,3,2,5,1,1,2,1,2,3,3,1,13.59,2,37
1,5,8,3,4,1,1,1,1,6,1,1,1,13.59,4,66
1,3,6,3,5,1,2,1,1,6,3,2,1,13.59,1,12
1,2,8,1,2,1,4,1,2,3,2,3,1,13.59,4,59
2,3,1,1,1,1,2,2,1,4,4,3,1,24.97,4,63
1,1,3,4,1,2,0,2,2,6,4,2,1,13.59,1,13
1,4,7,3,4,2,0,1,2,6,4,1,1,13.59,2,31
1,2,7,4,4,1,4,1,1,3,4,1,1,13.59,4,60
1,6,1,3,1,2,0,1,1,3,2,1,1,13.59,2,41
2,4,2,1,4,1,3,1,1,3,3,2,1,40.39,4,53
2,5,9,1,4,2,0,1,1,3,3,2,1,24.65,3,71
2,3,4,1,3,1,4,2,1,1,4,3,1,24.65,2,43
2,6,3,2,1,2,0,1,1,2,3,2,1,24.65,4,54
2,1,1,2,3,2,0,1,1,6,1,3,1,24.65,3,71
2,2,2,1,2,2,0,1,1,1,1,1,1,24.65,4,54
2,2,8,2,3,1,1,2,2,3,3,1,1,61.15,1,5
1,6,9,1,5,2,0,2,1,2,2,1,1,13.59,4,69
1,4,2,4,3,2,0,1,1,2,2,2,1,13.59,4,68
1,4,2,3,3,1,2,1,2,6,1,1,1,13.59,1,22
1,3,9,4,2,2,0,1,1,2,2,2,1,13.59,3,82
1,3,2,3,5,2,0,2,1,2,4,3,1,13.59,3,85
2,1,4,1,5,1,3,1,1,2,5,2,1,54.79,3,70
1,3,9,4,2,1,1,1,1,7,2,2,1,13.59,3,81
1,1,4,3,4,2,0,1,2,4,2,1,1,13.59,1,21
1,1,8,2,3,1,3,2,2,2,3,2,1,13.59,4,61
2,5,5,2,5,2,0,1,1,1,3,3,1,24.65,2,39
1,1,4,1,5,1,3,2,1,3,5,1,1,13.59,4,50
2,1,9,3,1,1,1,2,1,5,4,2,1,24.65,2,49
1,5,2,1,2,1,4,1,2,6,3,1,1,13.59,4,57
2,2,9,4,5,2,0,1,1,5,5,2,1,24.65,1,15
1,5,9,4,2,1,2,1,1,6,4,1,1,13.59,1,22
1,4,7,2,4,1,2,1,2,7,2,1,1,13.59,2,48
1,4,8,1,2,2,0,1,1,4,4,1,1,13.59,2,37
2,2,5,2,2,2,0,2,1,7,5,1,1,24.65,2,55
2,4,4,2,2,1,2,1,2,2,4,2,1,24.65,2,47
2,3,5,4,5,1,1,1,1,1,4,3,1,38.61,3,84
2,5,7,3,3,1,1,2,1,6,4,1,1,24.65,3,88
1,5,8,1,4,2,0,1,2,4,5,2,1,13.59,4,61
1,2,2,1,4,2,0,2,2,6,1,3,1,13.59,4,59
1,2,8,1,4,2,0,2,1,3,2,1,1,13.59,4,63
1,2,6,1,4,2,0,1,1,1,4,2,1,13.59,1,18
2,6,8,3,1,2,0,1,1,7,2,1,1,24.65,1,10
1,4,3,4,2,1,3,2,1,6,2,1,1,13.59,4,65
1,6,5,1,2,2,0,1,1,1,4,1,1,13.59,3,85
2,2,7,4,1,1,3,2,2,2,5,1,1,24.65,2,52
2,4,9,4,5,2,0,1,1,1,2,3,1,31.52,3,89
1,5,9,2,2,1,3,1,2,3,3,1,1,13.59,4,51
2,3,9,4,4,2,0,2,2,4,5,1,1,24.65,2,41
2,5,8,3,1,1,3,2,1,5,5,1,1,44.12,1,14
1,6,3,1,1,2,0,1,1,2,1,2,1,13.59,4,51
2,1,3,3,3,1,4,1,1,2,2,2,1,24.65,2,32
1,2,1,3,3,1,2,1,2,4,3,2,1,13.59,4,55
1,3,5,3,2,2,0,1,1,2,2,3,1,13.59,4,55
2,4,5,1,5,2,0,1,1,7,5,3,1,99.08,4,51
2,2,3,3,3,2,0,2,1,5,1,1,1,69.96,3,89
1,1,8,3,5,2,0,1,1,5,1,1,1,13.59,2,35
2,6,7,1,4,1,1,2,1,1,3,2,1,24.65,1,22
1,3,5,2,1,1,4,1,1,6,5,3,1,13.59,3,83
1,5,4,3,2,2,0,1,2,6,4,3,1,13.59,3,76
2,6,6,3,5,1,2,1,1,1,4,1,1,24.65,3,88
1,5,6,1,2,1,4,2,1,7,1,3,1,13.59,2,50
1,1,9,2,2,2,0,1,1,3,2,3,1,13.59,2,44
1,1,2,3,3,1,2,1,1,5,2,2,1,13.59,4,68
1,3,4,4,3,1,2,1,2,2,1,3,1,13.59,2,45
1,6,4,4,4,2,0,2,2,3,2,3,1,13.59,3,76
1,5,3,1,3,2,0,2,2,2,5,3,1,13.59,4,66
2,5,6,1,2,2,0,1,1,1,3,3,1,14.56,3,74
1,6,3,1,1,2,0,2,1,2,1,1,1,13.59,1,32
1,6,9,3,5,2,0,2,1,4,1,2,1,37.95,2,47
1,2,6,1,4,2,0,1,1,5,2,3,2,0,1,27
1,2,8,2,3,2,0,1,2,5,1,2,2,0,1,29
1,3,4,4,4,1,3,2,2,3,5,3,2,0,1,28
2,5,7,1,1,2,0,1,2,1,1,2,1,24.65,2,55
2,6,5,3,5,1,2,1,1,1,2,1,1,24.65,1,22
2,1,1,2,2,1,2,1,2,2,5,3,1,73.36,2,49
2,1,5,4,5,1,1,1,1,2,2,2,1,30.64,4,52
2,6,3,4,2,1,3,1,1,5,5,1,1,24.65,3,89
2,6,5,2,3,1,4,1,2,1,4,2,1,28.93,2,44
1,4,8,1,5,2,0,2,1,7,1,2,2,0,2,51
1,5,8,3,4,1,2,1,2,5,1,3,1,37.95,3,88
2,2,2,2,2,2,0,2,2,7,2,1,1,24.65,4,51
1,1,4,1,2,2,0,2,1,6,1,1,2,0,2,34
2,3,7,2,5,2,0,2,1,2,1,2,1,24.65,1,27
2,4,8,4,4,1,3,1,1,7,2,1,1,24.65,2,42
1,6,4,3,2,2,0,2,1,5,5,2,1,37.95,3,87
2,4,4,4,5,2,0,2,1,4,5,2,1,91.77,4,58
1,4,4,4,2,1,1,2,2,2,1,1,2,0,1,26
2,3,7,4,4,1,2,1,1,5,1,3,1,98.76,3,84
2,1,3,4,2,2,0,2,2,6,4,1,1,19.41,3,84
1,6,7,4,4,2,0,1,2,6,5,2,2,0,2,30
2,5,2,1,4,1,1,2,2,4,3,2,1,94.21,3,74
2,2,1,1,5,2,0,1,1,4,4,3,1,44.22,3,79
1,1,9,4,2,2,0,2,1,4,3,3,2,0,2,54
1,5,3,3,2,2,0,2,1,2,1,1,1,37.95,4,60
1,2,9,2,1,2,0,1,2,2,5,1,2,0,1,28
2,5,4,3,2,1,1,1,2,5,3,3,1,24.65,3,90
1,1,6,4,5,2,0,2,1,4,1,3,2,0,1,15
1,6,3,3,2,2,0,2,1,5,2,1,1,37.95,1,16
2,5,6,1,2,1,4,1,1,2,1,2,1,11.03,3,72
2,6,9,1,2,1,2,1,1,2,4,3,1,39.59,4,53
2,5,3,4,3,2,0,2,2,6,5,3,1,24.65,4,51
2,2,2,3,3,1,2,2,1,3,5,1,1,13.77,1,14
1,2,6,4,1,1,3,2,2,5,5,1,2,0,1,6
1,6,5,3,3,2,0,1,2,6,3,3,1,37.95,4,51
2,1,8,2,2,1,3,2,1,4,1,2,1,24.65,4,54
1,3,2,3,3,2,0,2,2,2,2,2,1,37.95,1,25
1,4,8,3,3,2,0,1,1,4,4,3,1,37.95,2,34
1,3,2,3,3,1,4,1,1,6,1,3,1,37.95,3,83
2,4,8,4,4,1,4,1,1,4,2,2,1,24.65,4,68
1,2,4,2,2,2,0,2,2,6,5,1,2,0,1,18
1,2,2,3,1,1,3,1,2,2,5,2,1,37.95,4,62
1,3,8,1,3,1,3,1,1,5,1,3,2,0,4,64
1,2,8,3,5,2,0,1,1,1,1,3,1,37.95,2,33
1,3,2,3,2,1,4,1,2,7,5,1,1,37.95,2,41
2,2,2,3,4,2,0,1,1,5,1,3,1,24.65,1,32
2,5,8,4,1,2,0,2,2,4,5,1,1,24.65,3,72
1,5,4,2,5,2,0,1,1,2,4,3,2,0,1,16
2,5,8,4,4,2,0,2,1,4,5,3,1,54.19,2,46
1,1,8,3,5,2,0,1,1,3,3,1,1,37.95,4,68
2,5,3,3,2,2,0,1,1,6,1,1,1,24.65,3,68
1,6,3,4,5,2,0,2,1,7,4,1,2,0,4,59
2,6,9,1,3,1,3,1,1,5,1,1,1,24.65,3,77
1,1,6,4,1,1,2,2,1,4,4,3,2,0,3,71
1,2,6,3,3,1,2,2,2,5,2,3,1,37.95,3,74
1,3,2,3,1,2,0,1,1,6,4,1,1,37.95,2,31
2,3,1,3,4,2,0,1,1,3,4,3,1,24.65,4,51
2,4,1,1,3,1,3,1,1,3,1,2,1,24.65,2,39
1,4,9,2,1,1,2,2,2,4,3,2,2,0,1,4
2,3,9,3,3,2,0,2,2,4,5,1,1,24.65,3,85
1,6,7,3,3,1,1,1,1,3,1,1,1,37.95,1,2
2,5,1,2,3,2,0,1,1,4,4,2,1,42.17,4,54
2,6,2,2,4,2,0,1,2,7,5,2,1,24.65,4,57
1,6,8,4,4,2,0,2,1,7,4,2,2,0,3,84
1,6,9,2,4,1,2,1,2,1,4,2,2,0,1,32
1,6,4,1,3,1,2,2,1,7,3,1,2,0,1,30
2,3,3,4,4,2,0,2,1,4,4,2,1,24.65,2,52
1,5,2,2,3,1,4,2,1,7,4,3,2,0,3,82
1,4,2,3,3,2,0,1,2,7,5,1,1,37.95,1,9
2,6,8,4,4,1,4,1,2,1,2,3,1,24.65,4,53
1,4,6,3,2,2,0,1,1,5,1,3,1,37.95,3,90
1,5,9,3,2,1,2,1,1,3,5,3,1,37.95,4,68
1,6,6,3,5,2,0,1,1,5,4,3,1,37.95,3,68
2,4,5,3,1,1,3,1,1,4,1,2,1,99.1,4,50
2,6,7,4,5,2,0,2,2,2,3,2,1,63.25,3,69
2,1,5,4,4,1,4,1,1,7,1,3,1,10.03,3,88
1,5,4,4,2,2,0,2,2,7,1,2,2,0,2,31
2,4,4,3,4,1,1,1,2,1,3,3,1,23.34,4,60
2,1,1,4,4,1,3,1,1,3,1,2,1,24.65,1,29
2,6,6,3,2,1,3,2,1,1,5,3,1,21.84,1,31
1,2,6,4,4,1,1,1,1,6,3,2,2,0,3,89
2,1,5,3,5,1,3,1,1,2,2,2,1,24.65,3,85
1,4,8,2,2,2,0,2,2,4,1,3,2,0,1,22
2,6,2,1,1,1,4,1,1,7,1,1,1,24.65,2,47
1,6,2,2,2,1,4,1,1,5,1,3,2,0,1,22
1,4,4,1,1,2,0,2,2,2,4,2,2,0,1,23
1,4,2,2,4,1,4,1,1,1,4,3,2,0,1,17
1,4,8,1,5,1,2,2,2,1,3,3,2,0,2,44
1,4,4,4,1,1,2,2,1,4,2,3,2,0,3,75
1,2,8,2,5,1,2,1,1,5,2,1,2,0,4,64
2,4,5,1,5,1,4,1,1,5,1,2,1,84.89,2,39
2,2,8,1,1,2,0,2,1,7,4,3,1,58.64,4,65
2,1,4,1,4,2,0,1,1,2,5,1,1,24.65,1,2
2,6,9,4,5,1,2,2,1,3,5,2,1,48.25,3,70
1,3,8,2,3,2,0,1,1,2,4,2,2,0,1,12
2,3,2,1,2,2,0,1,2,1,5,3,1,24.65,4,53
1,6,8,1,2,2,0,2,1,5,4,3,2,0,3,71
1,4,6,2,1,1,2,1,2,4,2,3,2,0,1,2
1,1,1,3,4,2,0,1,1,5,1,3,1,37.95,2,30
1,2,9,2,4,2,0,2,2,5,3,3,2,0,4,61
1,1,8,1,1,1,1,2,2,2,4,1,2,0,1,31
2,4,2,4,4,1,3,1,2,5,5,3,1,95.04,2,36
2,1,6,3,2,1,2,1,1,7,2,3,1,43.93,4,51
2,6,5,3,3,1,3,1,1,5,4,3,1,49.96,4,69
1,2,8,2,5,1,1,2,2,7,3,3,2,0,1,27
2,3,5,1,5,2,0,1,2,2,1,3,1,58.69,4,60
2,1,2,4,4,2,0,1,2,5,2,3,1,24.65,2,40
1,6,5,1,4,1,1,1,2,4,2,2,2,0,4,50
2,2,4,4,1,1,2,1,1,6,4,1,1,27.04,2,35
2,6,5,3,3,1,3,1,2,5,4,1,1,40.54,4,65
1,1,2,1,2,1,2,1,2,1,4,3,2,0,1,4
2,2,5,2,1,1,2,1,1,7,5,2,1,62.68,2,51
2,1,1,1,4,2,0,2,2,2,4,2,1,24.65,4,67
2,1,7,3,1,2,0,1,1,5,3,3,1,74.59,4,59
1,4,5,4,2,1,3,1,1,3,5,2,2,0,4,64
2,4,2,2,4,2,0,2,1,2,4,3,1,24.65,3,89
2,5,1,4,4,2,0,1,2,7,3,3,1,35.6,3,89
1,3,2,2,3,1,4,1,2,5,4,3,2,0,4,67
1,5,5,1,2,1,3,2,2,6,5,3,2,0,1,5
1,3,6,3,2,2,0,1,2,2,5,2,1,37.95,2,53
2,1,2,3,4,1,2,1,1,1,2,3,1,39.77,4,50
1,6,2,4,4,1,2,2,1,2,4,2,2,0,3,72
1,2,2,3,3,1,2,1,2,3,3,2,1,37.95,1,13
2,6,6,2,4,1,3,2,1,2,5,2,1,54.73,2,53
2,4,5,1,5,1,1,2,2,4,5,1,1,24.65,4,70
1,2,8,2,5,1,2,2,1,4,5,2,2,0,2,33
2,2,3,3,3,1,2,1,2,2,2,1,1,77.13,1,9
2,4,4,1,4,1,3,2,2,5,1,3,1,24.65,4,59
2,4,8,1,3,1,1,2,2,1,1,1,1,24.65,4,67
1,2,8,1,4,2,0,1,2,4,2,3,2,0,4,58
2,1,6,1,1,1,3,1,2,1,2,2,1,19.88,4,63
1,2,6,1,5,2,0,2,2,6,4,1,2,0,1,26
1,6,2,2,3,2,0,1,1,6,1,2,2,0,3,88
2,1,1,2,2,1,1,2,1,4,5,3,1,12.33,1,10
2,3,1,4,2,2,0,2,1,5,5,2,1,43.63,2,42
2,5,7,4,3,1,4,1,1,1,5,2,1,24.65,2,53
1,4,1,1,3,1,4,2,1,7,1,3,2,0,3,69
1,5,4,3,3,2,0,1,2,5,4,2,1,37.95,3,76
1,2,4,4,3,2,0,1,1,2,5,3,2,0,1,19
2,1,5,2,2,2,0,1,2,6,2,1,1,24.65,1,11
2,6,6,1,1,1,3,1,2,4,2,1,1,78.58,4,53
1,3,5,4,2,1,3,1,2,4,3,2,2,0,2,31
1,1,3,2,1,1,3,2,1,4,2,3,2,0,4,67
1,5,7,3,5,2,0,2,1,3,5,3,1,37.95,3,74
2,2,7,4,2,2,0,2,2,1,1,2,1,24.65,3,73
2,1,9,2,5,1,3,1,2,3,4,3,1,42.81,4,68
2,5,1,3,4,1,2,1,2,1,4,1,1,21.55,1,10
2,3,9,1,2,1,3,2,2,6,1,3,1,35.82,2,46
1,1,9,1,4,2,0,2,2,2,4,2,2,0,2,52
1,3,8,3,4,1,1,1,2,7,4,2,1,37.95,2,34
1,5,2,1,1,1,3,2,1,5,2,2,2,0,1,11
1,6,3,1,1,1,1,1,1,6,1,2,2,0,1,21
1,1,7,3,3,2,0,1,2,2,1,1,1,37.95,2,33
1,1,3,4,3,1,2,1,1,2,1,2,2,0,1,19
2,6,7,4,1,1,1,2,1,6,1,1,1,24.65,1,21
2,5,9,2,5,1,3,1,1,3,3,3,1,79.11,4,64
1,4,6,3,1,2,0,2,2,5,2,2,1,37.95,4,53
1,4,1,3,2,2,0,2,2,1,2,3,1,37.95,2,41
1,2,5,4,3,2,0,1,2,5,3,1,2,0,1,16
1,5,7,2,1,1,1,2,2,1,4,2,2,0,4,56
2,5,9,4,4,1,3,1,1,3,2,2,1,67.08,4,64
1,6,8,3,5,1,1,1,1,5,3,1,1,37.95,4,59
2,5,6,2,3,1,1,2,1,5,3,3,1,24.65,3,77
1,1,3,4,2,2,0,2,1,2,3,3,2,0,3,79
1,5,6,2,4,1,2,1,2,6,3,1,2,0,2,38
2,3,2,4,5,1,4,1,2,4,2,3,1,24.65,3,77
1,4,7,4,1,1,1,2,2,4,1,1,2,0,1,10
2,6,7,4,1,2,0,1,1,4,1,3,1,44.76,1,27
2,6,1,4,2,1,2,1,2,6,4,1,1,68.59,3,72
1,5,5,1,2,2,0,1,1,2,4,1,2,0,2,40
2,2,6,4,2,2,0,2,2,4,1,2,1,66.69,3,89
2,5,2,1,5,2,0,1,2,1,3,3,1,24.65,4,53
2,6,3,1,3,2,0,1,1,7,1,3,1,24.65,3,89
1,4,7,1,5,2,0,1,1,2,2,1,2,0,1,30
2,1,6,3,2,2,0,1,1,4,5,2,1,80.57,2,35
2,6,8,3,1,2,0,1,2,2,1,3,1,24.65,1,17
1,6,6,3,4,2,0,1,2,6,5,2,1,37.95,4,65
2,2,1,3,4,1,4,2,1,2,2,2,1,24.65,3,81
1,6,5,4,3,2,0,1,1,4,4,3,2,0,1,14
2,2,1,4,2,2,0,1,1,4,3,1,1,24.65,1,8
1,1,3,4,2,1,4,1,2,4,1,1,2,0,3,85
1,2,1,3,3,1,4,2,2,3,4,3,1,37.95,4,59
2,1,2,2,5,1,3,1,2,6,3,1,1,24.65,3,85
1,4,3,2,1,1,3,1,1,7,3,3,2,0,3,82
1,2,2,4,3,1,2,2,1,5,5,1,2,0,1,19
2,5,4,1,2,2,0,2,1,2,1,1,1,24.65,1,27
1,6,3,1,5,2,0,1,1,2,3,1,2,0,2,45
1,4,3,4,3,1,2,1,1,2,2,3,2,0,2,49
2,1,8,4,4,2,0,1,2,7,1,1,1,15.98,4,53
1,3,8,4,3,2,0,1,1,7,5,3,2,0,1,20
1,3,1,1,2,2,0,2,2,1,5,2,2,0,1,20
1,6,3,3,5,1,3,1,1,5,3,3,1,37.95,4,63
1,6,7,1,2,1,3,1,2,6,2,3,2,0,4,50
2,3,9,4,2,2,0,2,1,7,2,3,1,24.65,2,54
1,4,2,3,1,2,0,1,2,1,5,2,1,37.95,1,18
2,5,6,3,4,2,0,1,2,1,2,1,1,24.65,1,13
2,6,9,3,5,1,1,2,1,6,4,3,1,24.65,4,57
1,5,4,4,5,1,3,1,2,4,5,2,2,0,2,45
2,5,9,2,1,2,0,1,2,4,4,3,1,24.65,3,78
1,1,2,3,2,1,1,1,2,2,2,3,1,37.95,4,53
1,6,2,4,3,2,0,1,1,4,3,1,2,0,1,20
1,2,8,3,4,1,3,2,2,2,2,1,1,37.95,2,41
1,3,5,3,2,2,0,1,2,3,5,2,1,37.95,1,8
1,2,5,4,5,1,1,2,1,6,4,1,2,0,4,64
2,3,4,2,3,1,3,1,1,2,1,1,1,24.65,3,79
2,1,7,4,5,2,0,1,2,7,2,2,1,24.65,4,65
1,2,4,3,3,1,3,1,1,3,3,3,1,37.95,3,68
2,5,8,1,2,2,0,2,2,4,3,1,1,24.65,1,20
2,3,4,3,4,2,0,2,1,3,3,1,1,17.62,4,69
2,5,8,3,5,1,1,1,1,5,2,1,1,51.81,4,59
2,1,5,2,5,1,3,1,1,5,2,1,1,79.82,3,75
1,6,4,3,5,2,0,2,1,6,2,2,1,37.95,2,36
2,1,6,2,3,2,0,1,2,2,4,2,1,24.65,1,27
1,6,1,3,1,1,2,1,1,5,3,2,1,37.95,3,79
2,4,4,4,5,2,0,1,2,7,4,1,1,24.65,2,40
1,1,7,1,2,1,3,1,1,4,2,1,2,0,1,32
1,3,7,4,3,2,0,2,1,3,1,2,2,0,1,11
2,4,2,4,4,1,2,1,1,5,3,3,1,24.65,2,33
2,5,1,2,3,2,0,1,1,6,1,2,1,24.65,4,65
1,5,1,1,4,2,0,1,1,5,2,2,2,0,4,64
1,4,2,3,1,2,0,1,1,2,4,2,2,0,1,26
1,2,5,2,3,1,4,2,2,1,5,2,2,0,3,90
1,3,1,3,2,1,4,1,2,1,5,3,2,0,3,69
2,3,8,4,5,2,0,2,1,4,2,3,1,98.46,4,66
2,1,4,4,5,1,3,1,2,5,3,1,1,24.65,3,86
1,4,7,2,1,2,0,2,2,2,2,1,2,0,1,14
2,2,8,1,5,2,0,1,1,1,5,2,1,31.23,3,69
1,5,4,3,4,2,0,2,2,4,2,3,2,0,3,68
1,5,9,2,2,1,2,2,2,2,2,2,2,0,1,4
2,2,1,3,2,1,1,2,1,1,5,3,1,21,3,85
2,6,6,1,3,2,0,1,2,6,5,3,1,23.39,4,58
1,2,5,4,2,2,0,2,2,5,3,3,2,0,2,52
2,5,3,4,1,2,0,2,1,3,3,3,1,24.65,2,52
1,4,9,3,1,2,0,1,2,6,3,2,2,0,2,52
1,5,6,2,1,1,3,1,2,4,3,1,2,0,1,21
1,2,6,3,2,1,4,2,1,1,5,2,2,0,1,8
2,4,5,4,2,1,1,1,2,1,5,1,1,55.6,1,8
1,2,9,4,3,1,1,2,1,3,2,1,2,0,4,70
2,3,4,1,5,1,4,1,2,1,1,3,1,24.65,2,43
1,6,9,2,4,1,2,1,2,1,5,3,2,0,4,55
2,5,1,4,3,1,3,1,2,2,4,2,1,21.97,4,57
1,5,1,2,4,2,0,2,2,3,3,3,2,0,2,34
2,2,1,1,5,2,0,2,2,6,3,2,1,73.63,4,63
2,4,6,3,1,2,0,1,1,1,1,1,1,85.1,3,70
2,3,7,1,3,2,0,2,2,7,4,2,1,14.18,3,82
2,3,9,1,2,2,0,1,1,2,1,3,1,24.65,4,57
2,1,1,2,1,2,0,1,1,5,5,1,1,50.38,2,39
1,4,6,3,3,1,4,2,2,2,3,3,2,0,1,25
2,1,8,3,2,2,0,1,2,1,2,1,1,71.75,3,89
1,6,6,3,3,2,0,1,1,4,4,2,2,0,1,19
1,3,6,2,3,1,4,1,2,4,1,2,2,0,4,63
2,5,9,4,4,1,1,2,1,4,2,1,1,24.65,3,69
1,5,8,3,4,1,1,1,1,6,1,3,2,0,2,33
2,5,1,4,1,2,0,2,1,7,5,1,1,49.18,3,69
1,4,7,1,5,1,1,2,2,3,2,2,2,0,2,50
1,6,6,3,4,2,0,1,1,1,5,2,2,0,2,37
1,1,5,1,5,1,3,1,1,1,4,3,2,0,1,7
1,1,4,4,3,2,0,2,2,2,1,2,2,0,2,31
2,1,8,2,3,2,0,1,1,2,2,2,1,96.85,2,47
2,4,5,2,3,1,3,1,2,7,1,3,1,24.65,2,43
2,2,7,3,1,1,1,1,2,4,5,1,1,39.05,3,88
2,5,4,2,4,1,2,1,1,3,4,2,1,24.65,4,70
1,2,9,2,5,1,2,2,2,3,5,3,2,0,2,46
1,1,6,3,5,2,0,2,2,2,2,2,2,0,1,5
2,1,4,3,5,2,0,2,2,1,1,3,1,24.65,3,75
2,6,5,3,4,2,0,2,1,4,1,3,1,97.06,4,56
1,2,2,4,1,1,1,1,2,5,4,1,2,0,3,74
2,3,8,4,2,1,4,1,1,5,5,1,1,24.65,3,90
1,5,8,3,5,2,0,1,2,4,1,2,2,0,1,9
2,3,9,2,4,2,0,1,1,3,2,2,1,24.65,4,56
1,4,4,4,3,1,4,2,2,7,4,2,2,0,4,60
2,5,5,1,3,2,0,2,2,5,5,2,1,24.65,1,6
2,4,8,3,3,2,0,1,2,5,2,2,1,24.65,2,42
1,4,1,2,2,2,0,2,1,2,1,3,2,0,1,14
2,5,8,3,1,1,2,1,2,3,2,3,1,24.65,4,50
2,3,4,4,5,1,2,2,2,2,4,3,1,24.65,3,76
2,6,8,1,1,2,0,1,2,7,2,3,1,24.65,3,76
1,3,2,1,3,1,4,1,2,6,2,2,2,0,2,34
1,1,8,3,5,2,0,2,1,5,2,2,2,0,3,88
2,1,5,4,4,2,0,1,1,6,5,3,1,43.51,4,61
1,6,7,1,2,2,0,1,1,7,1,3,2,0,2,36
2,6,4,2,1,2,0,1,1,1,1,1,1,24.65,3,76
1,3,5,1,4,1,2,2,2,7,5,2,2,0,1,7
1,1,6,1,4,2,0,2,2,7,4,3,2,0,4,63
2,3,5,4,3,1,3,2,2,5,1,1,1,93.27,4,61
2,5,8,3,5,1,2,2,1,2,5,2,1,24.65,4,54
2,1,1,3,3,1,3,1,2,1,2,2,1,38.52,4,61
2,4,5,3,5,2,0,2,1,7,5,1,1,84.29,2,35
2,6,5,2,3,1,2,1,1,7,2,2,1,53.88,3,74
1,5,4,1,2,2,0,2,2,4,2,2,2,0,4,69
1,6,3,2,4,1,3,1,1,5,4,2,2,0,2,53
1,5,7,4,1,1,1,1,1,3,4,1,2,0,2,51
1,4,5,4,2,1,1,2,1,7,5,3,2,0,1,5
1,6,6,3,5,1,3,2,2,2,1,1,2,0,1,10
2,4,2,1,5,2,0,2,1,5,3,1,1,89.02,3,74
1,2,8,1,2,2,0,2,2,5,5,3,2,0,1,23
2,1,7,4,5,2,0,1,1,5,4,3,1,24.65,1,15
1,5,3,4,3,1,1,2,2,2,5,3,2,0,3,75
2,2,5,2,1,1,2,1,1,7,4,2,1,22.93,4,58
1,1,5,1,1,1,4,2,2,2,2,1,2,0,1,15
1,2,7,4,1,2,0,2,1,4,4,3,2,0,3,81
2,4,4,1,1,2,0,1,1,5,3,3,1,24.65,3,78
1,2,2,3,3,2,0,2,1,3,3,2,2,0,1,31
1,3,8,1,5,2,0,1,1,6,1,2,2,0,1,25
2,2,3,2,3,2,0,1,2,4,5,2,1,24.26,3,81
2,6,5,1,3,1,4,2,1,7,1,3,1,24.65,4,62
2,1,2,1,3,1,2,2,2,6,3,3,1,54.36,2,54
2,2,1,4,4,1,3,1,1,3,4,2,1,24.65,3,76
2,6,1,1,1,1,2,2,1,7,3,2,1,24.65,4,55
1,4,3,3,4,1,1,2,1,6,3,1,2,0,2,34
2,6,1,4,4,1,4,2,1,2,2,1,1,28.03,2,37
2,6,9,1,2,1,3,1,1,6,4,3,1,24.65,2,37
1,4,5,2,1,2,0,1,1,5,3,2,2,0,3,87
2,2,8,2,4,2,0,2,2,3,4,2,1,24.65,2,45
1,3,4,1,4,1,4,2,2,3,5,1,2,0,1,11
1,6,3,4,1,1,2,2,2,7,2,1,2,0,2,38
1,5,8,1,3,2,0,1,2,2,1,3,2,0,1,2
2,3,9,1,2,1,4,2,2,2,3,1,1,24.65,1,23
1,2,6,1,1,1,3,2,1,2,5,1,2,0,4,64
2,4,1,2,2,1,4,1,2,7,2,3,1,25.29,3,75
1,1,2,1,2,1,2,2,1,5,5,3,2,0,1,26
1,2,2,4,4,2,0,2,2,2,1,2,2,0,2,34
2,1,1,2,2,2,0,2,1,6,4,2,1,98.24,3,89
1,4,2,1,2,1,4,2,1,3,5,3,2,0,1,2
1,1,8,2,4,1,4,1,1,2,2,1,2,0,4,64
2,6,3,2,3,2,0,1,2,6,4,1,1,96.65,3,89
2,6,4,2,1,1,1,2,1,5,5,1,1,36.33,4,59
2,1,9,4,4,2,0,1,1,6,3,1,1,24.65,3,88
2,1,1,2,5,2,0,2,1,3,2,1,1,61.2,2,31
1,5,8,3,5,1,4,1,1,7,2,2,2,0,1,12
1,5,7,2,1,2,0,1,1,6,1,3,2,0,1,5
2,3,8,1,5,2,0,1,1,2,3,1,1,24.65,2,42
1,3,2,1,3,2,0,1,1,3,2,1,2,0,3,80
2,3,3,2,5,2,0,1,1,5,1,1,1,24.65,4,52
2,5,3,1,5,2,0,2,2,5,1,1,1,24.65,3,70
1,3,3,1,2,1,3,1,1,6,5,3,2,0,4,59
1,1,8,2,3,2,0,1,1,7,5,3,2,0,2,47
1,4,6,3,4,1,3,1,2,6,1,3,2,0,1,6
1,1,2,1,5,1,3,2,1,5,4,1,2,0,4,66
1,3,2,3,2,1,1,2,1,2,4,3,2,0,1,23
2,6,8,4,2,1,4,1,2,7,2,1,1,83.34,1,21
2,4,7,1,4,1,2,1,1,7,1,3,1,24.65,4,67
2,4,4,1,3,2,0,1,1,7,2,3,1,24.65,2,38
1,6,2,3,5,2,0,1,2,6,5,1,2,0,4,62
1,6,7,3,4,1,2,2,1,6,1,1,2,0,1,14
2,4,4,2,3,2,0,2,2,3,5,2,1,52.23,4,66
2,2,4,1,1,1,4,2,2,6,1,2,1,24.65,3,70
1,1,3,4,5,2,0,2,1,2,2,2,2,0,1,20
2,4,6,4,4,1,1,1,1,3,3,3,1,85.99,4,63
1,2,4,1,4,1,4,1,2,3,1,1,2,0,4,52
1,5,8,3,4,1,2,2,1,4,4,1,2,0,3,83
1,6,3,3,4,2,0,2,2,7,4,1,2,0,1,18
2,2,3,3,3,2,0,2,1,6,5,1,1,24.65,1,32
2,2,8,2,4,2,0,1,2,7,3,1,1,31.56,3,82
1,2,3,1,1,2,0,2,2,4,2,2,2,0,3,85
2,3,8,3,1,1,4,1,1,6,5,3,1,24.65,4,54
1,6,4,4,2,2,0,1,2,5,5,3,2,0,3,79
1,2,8,2,2,2,0,1,1,2,4,3,2,0,3,71
1,2,3,4,1,2,0,2,2,7,1,2,2,0,4,66
1,6,7,4,2,2,0,1,1,2,1,3,2,0,1,31
1,1,3,1,2,2,0,2,1,1,5,3,2,0,3,90
2,4,4,1,1,1,4,1,2,5,1,3,1,23.3,3,79
2,4,7,3,3,2,0,1,2,5,5,3,1,16.42,4,62
1,1,8,2,4,1,3,1,1,4,3,1,2,0,1,18
1,4,8,4,5,2,0,2,2,7,2,2,2,0,2,32
2,3,8,4,2,1,4,1,2,1,4,3,1,24.65,2,39
2,6,4,4,2,2,0,2,2,3,4,1,1,83.46,4,62
1,3,8,1,2,2,0,2,2,2,3,2,2,0,1,9
1,1,7,3,5,2,0,2,1,1,4,3,2,0,3,90
1,5,6,3,2,1,3,1,2,4,5,1,2,0,1,31
2,6,8,3,2,1,4,1,1,1,2,1,1,35.35,4,57
2,4,7,4,5,1,2,2,2,7,2,2,1,24.65,2,32
1,6,7,3,1,1,3,1,2,3,4,3,2,0,2,34
2,5,6,1,2,1,4,1,1,5,3,1,1,24.65,2,38
2,1,3,4,5,1,1,2,2,6,2,1,1,24.65,3,85
2,1,9,1,5,2,0,1,1,3,1,3,1,24.65,1,14
1,6,7,4,4,2,0,1,2,1,2,2,2,0,4,56
2,5,1,1,2,2,0,1,1,5,4,3,1,24.65,4,66
1,1,7,2,5,1,1,1,2,6,3,2,2,0,3,74
2,5,7,4,2,1,4,1,1,3,3,3,1,75.75,3,68
1,1,7,2,4,1,4,2,1,5,3,2,2,0,3,83
1,2,6,4,1,1,2,2,1,3,2,2,2,0,1,11
1,2,2,3,4,2,0,1,2,7,1,2,2,0,2,39
1,5,1,1,1,2,0,2,1,5,5,2,2,0,3,85
1,4,7,4,2,1,2,2,2,5,3,3,2,0,1,8
2,3,3,1,3,1,3,2,2,5,1,3,1,24.65,3,72
1,2,4,4,1,2,0,1,2,7,1,1,2,0,1,23
1,1,5,2,3,1,3,1,2,2,3,2,2,0,1,26
2,6,7,1,4,1,4,1,1,5,4,3,1,29.54,2,44
1,6,4,1,4,2,0,2,2,6,5,2,2,0,1,18
1,2,5,4,2,1,4,2,2,6,2,2,2,0,1,18
2,5,3,4,1,2,0,2,1,4,3,2,1,87.1,3,82
2,3,9,1,1,1,2,1,2,6,1,2,1,69.1,4,57
1,2,2,1,3,1,3,2,1,6,1,3,2,0,4,63
2,3,1,4,5,2,0,1,1,5,2,1,1,75.08,2,48
1,2,1,3,5,1,1,2,1,7,2,3,2,0,4,70
1,3,1,2,2,2,0,2,2,7,1,3,2,0,1,25
2,1,3,3,5,1,4,1,1,3,2,2,1,24.65,4,53
1,4,6,4,1,2,0,1,1,7,4,2,2,0,1,19
2,1,9,2,4,2,0,2,1,5,2,2,1,81.87,3,89
1,5,5,2,1,1,4,2,1,5,2,3,2,0,3,88
1,6,8,1,2,2,0,1,2,3,5,1,2,0,3,77
1,6,4,1,3,1,1,1,2,4,3,1,2,0,1,21
1,3,1,2,5,1,2,2,2,4,3,2,2,0,1,28
1,1,3,1,5,1,1,1,2,5,5,3,2,0,4,50
1,3,1,4,1,1,3,1,1,7,4,2,2,0,2,37
2,1,2,1,3,1,2,1,1,7,4,3,1,63.57,3,70
1,6,4,1,1,1,4,1,2,2,4,2,2,0,3,87
1,6,4,1,2,1,4,2,1,3,4,1,2,0,1,27
2,4,5,1,2,1,2,2,2,1,3,1,1,20.92,3,74
2,4,6,2,2,1,3,1,1,2,2,3,1,77.71,3,78
2,1,2,4,3,1,4,1,1,1,5,3,1,27.95,4,56
1,6,5,1,2,2,0,1,2,5,2,1,2,0,2,40
1,5,9,3,4,1,4,1,2,7,4,3,2,0,4,58
1,2,9,2,4,2,0,1,1,2,1,1,2,0,3,88
1,5,4,2,1,2,0,1,2,1,5,3,2,0,2,50
1,1,9,1,1,2,0,1,1,2,1,1,2,0,1,18
1,3,7,1,5,2,0,1,2,6,3,1,2,0,2,41
2,4,6,2,2,2,0,1,1,3,5,3,1,24.65,4,60
1,1,7,3,2,1,3,2,1,7,2,3,2,0,2,54
1,6,8,4,1,2,0,1,2,3,3,2,2,0,1,25
2,5,1,1,1,2,0,2,2,5,2,2,1,24.65,2,51
2,5,2,3,2,1,3,1,2,3,5,2,1,24.65,4,54
2,3,3,1,3,1,3,1,2,6,4,2,1,89.05,2,33
2,4,5,2,1,2,0,1,1,5,4,1,1,24.65,1,12
2,5,7,4,4,2,0,1,2,1,4,2,1,95.9,4,68
2,5,3,3,2,2,0,2,2,2,3,1,1,24.65,3,73
2,6,1,2,5,2,0,1,2,3,1,2,1,85.31,2,48
2,4,9,3,1,1,1,2,2,4,4,1,1,32.57,4,50
1,5,4,2,4,2,0,1,2,2,5,2,2,0,4,67
2,3,3,2,1,1,2,2,1,3,4,3,1,52.9,4,57
2,4,5,3,3,1,4,1,1,2,2,3,1,24.65,3,86
1,4,4,1,5,2,0,2,2,4,3,2,2,0,1,16
1,6,2,3,4,1,4,1,1,7,2,2,2,0,1,22
2,3,7,1,3,2,0,1,2,4,5,1,1,86.09,4,62
1,3,1,2,2,1,3,2,1,1,5,2,2,0,1,19
2,1,3,3,1,2,0,2,1,7,5,2,1,32.08,2,31
1,3,6,4,3,1,4,2,2,3,3,3,2,0,1,13
1,2,4,2,5,2,0,2,2,5,5,1,2,0,4,62
2,4,2,1,2,2,0,1,1,7,1,2,1,89.52,2,43
2,2,7,1,2,1,4,1,1,5,1,3,1,43.15,2,30
2,1,5,4,2,2,0,2,1,2,2,3,1,24.65,4,63
2,2,5,4,5,1,4,1,2,5,4,1,1,61.71,4,65
2,1,6,3,4,1,3,1,2,3,1,1,1,24.65,4,61
2,6,4,4,3,1,1,1,2,5,3,1,1,24.65,4,55
2,6,4,2,1,1,4,2,2,4,2,3,1,89.49,4,63
1,4,3,4,1,2,0,1,2,1,2,1,2,0,3,71
1,1,6,3,1,2,0,2,1,3,2,3,2,0,3,69
1,1,9,2,4,1,1,1,2,6,4,1,2,0,1,19
1,5,3,4,2,1,1,1,2,7,5,3,2,0,4,56
1,3,1,1,3,2,0,1,1,4,5,3,2,0,2,48
2,6,9,4,1,2,0,1,1,7,1,2,1,24.65,3,82
1,2,4,3,4,1,1,2,1,7,4,3,2,0,3,88
2,6,1,4,4,1,1,1,1,1,5,2,1,24.65,3,79
2,2,4,3,5,2,0,1,1,4,2,2,1,24.65,3,88
2,5,2,3,3,2,0,1,1,7,2,2,1,24.65,3,78
2,5,1,2,2,1,3,1,2,5,4,2,1,24.65,4,67
1,1,4,2,5,1,4,2,1,4,3,1,2,0,1,14
2,3,3,2,1,2,0,2,1,1,3,2,1,24.65,2,47
2,4,1,1,4,2,0,2,1,5,1,1,1,24.65,2,38
1,3,2,3,1,2,0,2,1,2,1,1,2,0,4,50
1,6,2,4,5,2,0,2,2,2,4,3,2,0,1,9
2,6,1,4,3,2,0,1,2,1,1,3,1,24.65,4,51
1,2,4,4,1,1,2,1,1,1,3,3,2,0,4,51
1,3,5,1,4,1,3,1,1,2,3,3,2,0,3,82
1,2,3,2,5,2,0,1,1,2,1,3,2,0,1,28
2,6,2,3,4,1,2,1,1,6,4,3,1,24.65,4,57
1,3,9,4,4,2,0,2,1,3,4,2,2,0,2,32
1,3,9,2,2,2,0,1,2,5,1,3,2,0,4,56
2,4,6,4,2,2,0,1,1,6,5,2,1,24.65,3,84
2,1,4,4,5,2,0,1,2,5,3,2,1,37.25,4,69
1,1,4,1,5,1,4,1,1,7,5,3,2,0,1,27
1,3,8,4,1,1,2,2,1,7,3,2,2,0,1,9
2,5,1,4,3,2,0,2,1,1,3,3,1,17.94,4,54
1,3,9,4,3,1,3,2,2,6,2,2,2,0,2,48
1,2,9,3,3,2,0,1,1,5,3,2,2,0,1,29
2,5,5,4,3,1,2,1,1,4,3,1,1,27.93,3,86
2,5,1,4,4,1,1,2,1,7,2,1,1,24.65,3,71
1,4,6,4,5,2,0,2,1,1,1,3,2,0,1,6
2,4,2,2,5,1,2,1,2,5,5,3,1,91.89,4,67
1,1,4,4,1,1,3,2,1,5,2,3,2,0,1,22
1,2,4,2,2,2,0,1,2,1,4,3,2,0,2,48
2,2,9,4,5,2,0,1,2,6,3,2,1,24.65,2,54
2,4,6,4,3,1,4,2,1,4,3,2,1,29.05,3,86
2,1,5,3,5,1,2,2,1,5,4,3,1,25.71,1,4
1,1,1,4,5,1,1,1,2,2,4,2,2,0,1,24
1,1,8,2,2,2,0,2,1,6,4,2,2,0,2,32
1,4,8,4,1,2,0,1,1,5,5,2,2,0,4,69
1,6,6,4,3,2,0,1,2,5,5,3,2,0,1,9
2,2,1,2,5,2,0,1,1,2,2,2,1,73.21,3,72
1,5,5,3,4,1,1,2,2,1,1,1,2,0,4,66
2,2,9,2,5,2,0,2,1,1,3,1,1,74.06,1,30
2,3,7,1,3,2,0,1,2,4,1,2,1,24.65,1,22
2,3,9,1,5,1,3,1,1,1,2,2,1,48.77,1,6
2,4,1,1,4,1,1,1,2,2,5,1,1,24.65,2,40
1,3,6,4,4,2,0,1,1,7,2,3,2,0,1,25
1,4,5,3,2,2,0,2,1,7,1,2,2,0,4,56
1,6,6,3,3,1,4,1,1,4,5,2,2,0,2,53
2,2,7,3,2,2,0,2,2,7,3,3,1,24.65,4,65
1,2,2,3,3,2,0,2,2,5,1,1,2,0,1,29
1,3,7,1,5,1,2,2,2,5,3,1,2,0,2,36
2,1,4,4,1,2,0,1,1,6,4,3,1,24.65,3,71
1,4,8,1,4,1,4,2,2,3,1,1,2,0,1,17
2,6,5,4,1,1,3,1,2,4,4,2,1,21.98,3,75
2,5,7,3,1,2,0,1,1,5,3,1,1,55.32,4,51
2,2,2,2,2,2,0,1,1,3,4,1,1,24.65,2,47
1,1,9,1,2,1,4,2,2,7,3,1,2,0,1,6
1,2,3,2,2,2,0,2,1,1,1,1,2,0,4,55
2,4,4,1,4,1,1,1,2,2,5,1,1,24.65,3,80
2,4,5,1,4,1,4,1,1,2,2,3,1,24.65,3,76
2,4,3,1,2,2,0,1,2,6,2,2,1,24.65,2,36
1,2,6,2,2,2,0,1,1,7,3,2,2,0,1,28
1,1,4,1,5,2,0,1,2,1,1,1,2,0,3,68
1,3,1,2,3,1,2,2,2,7,2,2,2,0,1,13
2,1,3,3,3,1,3,1,2,4,5,1,1,94.18,4,60
1,4,2,1,1,2,0,2,2,3,1,2,2,0,1,16
2,4,4,2,2,2,0,2,1,5,5,2,1,24.65,2,36
1,1,4,2,5,1,3,2,2,4,1,3,2,0,1,4
2,3,2,4,4,1,3,1,2,2,5,3,1,24.65,4,61
2,6,4,4,3,2,0,2,2,4,1,3,1,16.5,3,90
2,5,6,1,2,2,0,1,2,2,3,1,1,73.39,3,82
2,1,2,4,1,2,0,1,1,1,1,2,1,68.04,3,77
2,3,6,2,2,1,3,1,1,3,1,2,1,24.65,3,79
1,3,1,3,3,1,1,2,2,3,4,2,2,0,2,30
2,2,7,2,4,1,2,1,1,6,1,2,1,24.65,4,69
1,4,6,4,5,2,0,1,2,1,1,1,2,0,4,69
1,2,5,2,3,1,1,1,1,6,2,3,2,0,1,8
2,6,2,3,5,1,2,1,2,3,3,1,1,12.87,1,10
2,6,7,1,4,2,0,1,1,5,3,1,1,24.65,1,14
1,5,5,3,4,1,4,2,2,3,5,1,2,0,2,45
2,4,5,3,1,1,4,1,2,2,2,1,1,24.65,1,12
2,6,1,3,2,2,0,2,1,2,2,1,1,32.62,4,59
1,1,2,1,5,1,2,2,2,5,1,2,2,0,4,67
1,3,9,4,4,1,1,1,2,6,3,1,2,0,1,18
1,4,7,2,5,2,0,1,2,2,3,1,2,0,2,41
2,3,7,1,2,1,2,1,1,3,4,2,1,70.28,1,7
2,3,6,4,1,1,1,1,2,3,3,2,1,61.95,4,50
1,6,1,3,2,1,3,1,2,3,1,2,2,0,1,3
1,4,2,2,5,1,1,2,1,4,4,2,2,0,1,2
1,2,3,2,1,1,2,2,1,4,1,1,2,0,2,51
2,2,8,1,1,1,4,1,2,2,3,2,1,70.49,3,75
2,5,3,1,3,2,0,2,1,2,5,3,1,23.18,4,57
1,1,3,4,3,2,0,1,1,6,2,1,2,0,3,73
1,3,1,4,2,2,0,2,1,6,5,2,2,0,1,32
1,5,8,1,3,2,0,1,2,4,1,2,2,0,3,84
1,3,5,4,4,1,1,1,2,2,3,2,2,0,3,75
2,5,5,3,3,2,0,1,2,4,4,3,1,28.76,3,76
2,2,7,1,1,2,0,1,1,7,5,3,1,75.07,2,48
2,1,3,2,2,2,0,1,1,1,4,2,1,98.72,4,58
1,5,6,1,5,2,0,1,1,5,2,2,2,0,1,16
1,4,3,3,1,1,2,2,2,2,1,1,2,0,1,7
1,2,6,2,4,1,3,1,1,6,5,1,2,0,1,29
2,3,3,1,4,1,4,2,2,6,5,1,1,43.53,4,57
1,3,9,1,1,2,0,2,2,2,1,2,2,0,2,47
2,2,6,3,5,2,0,2,2,5,3,2,1,13.15,3,70
1,5,7,3,4,2,0,1,1,5,2,2,2,0,1,2
1,3,8,2,2,2,0,2,2,2,3,3,2,0,2,51
2,3,9,2,4,1,2,1,1,2,4,2,1,24.65,3,78
1,5,7,3,5,1,2,2,2,2,3,2,2,0,1,10
1,5,8,4,2,1,2,2,1,1,3,1,2,0,1,14
1,4,1,1,1,2,0,1,2,4,1,2,2,0,1,8
1,5,6,3,5,2,0,2,2,3,3,3,2,0,2,35
1,4,6,1,4,1,3,1,1,1,5,3,2,0,3,75
1,6,7,4,3,1,1,2,1,5,1,3,2,0,1,15
1,6,1,4,3,1,4,2,2,6,3,2,2,0,3,85
1,4,6,3,4,2,0,2,1,5,4,1,2,0,4,65
2,6,7,4,3,2,0,1,1,4,4,1,1,24.65,4,50
2,3,2,4,4,2,0,2,1,5,1,3,1,88.94,3,82
1,3,9,1,1,2,0,2,2,4,3,3,2,0,1,10
1,5,4,3,1,1,2,2,2,6,3,3,2,0,4,69
1,1,9,1,5,1,2,2,2,4,4,1,2,0,1,24
2,3,4,4,3,1,2,1,2,5,2,2,1,60.64,3,76
2,6,8,4,1,1,3,2,2,4,2,2,1,24.65,4,62
1,2,7,4,1,2,0,1,2,6,1,3,2,0,1,18
2,2,2,3,1,2,0,1,1,3,1,1,1,15.32,3,69
2,6,5,2,3,1,3,1,1,5,1,3,1,24.65,4,61
2,3,6,2,5,1,3,2,1,6,1,2,1,24.65,3,77
2,1,1,4,4,1,1,1,2,4,1,3,1,67.71,2,43
1,6,6,2,4,2,0,2,1,5,5,1,2,0,3,81
1,6,4,4,3,2,0,2,2,6,1,1,2,0,2,36
1,1,2,2,2,1,4,2,1,3,3,2,2,0,1,14
1,2,1,4,4,2,0,1,1,6,5,3,2,0,3,82
1,1,2,2,4,2,0,1,2,5,2,1,2,0,3,69
1,4,4,3,1,2,0,2,1,5,2,2,2,0,1,23
1,2,9,2,5,2,0,2,2,6,1,2,2,0,3,85
1,2,9,1,3,2,0,2,1,1,1,3,2,0,1,30
2,1,6,4,2,1,4,1,1,5,5,3,1,93.62,4,63
1,4,1,3,2,2,0,1,1,1,2,3,2,0,4,64
1,4,3,4,1,2,0,2,2,2,4,1,2,0,1,13
1,2,9,4,1,2,0,2,2,1,3,1,2,0,1,26
2,3,8,2,4,1,1,1,2,2,1,1,1,24.65,1,5
1,6,5,3,4,2,0,1,2,3,3,3,2,0,3,70
2,3,6,4,1,2,0,2,2,3,4,2,1,94.68,4,55
1,3,9,1,3,1,2,1,2,2,2,3,2,0,1,12
1,5,9,2,4,1,1,2,2,2,5,1,2,0,4,68
2,3,5,1,5,2,0,1,1,4,2,3,1,21.23,3,74
1,6,8,3,1,2,0,2,1,1,4,1,2,0,1,15
1,1,3,4,2,1,4,2,2,5,4,1,2,0,2,37
2,3,3,2,5,1,2,1,1,3,3,2,1,66.83,4,52
1,2,6,2,2,2,0,1,2,1,5,3,2,0,1,15
1,4,1,3,1,1,4,2,2,4,1,1,2,0,2,48
1,4,2,3,5,2,0,2,1,7,1,2,2,0,2,35
1,2,5,3,5,1,3,2,1,1,5,2,2,0,3,75
2,4,7,2,2,2,0,2,1,2,2,2,1,24.65,3,86
2,5,7,2,4,2,0,1,1,1,2,1,1,24.65,2,44
2,1,8,3,3,2,0,1,1,7,1,3,1,24.65,4,52
2,5,8,1,2,1,1,1,1,7,3,2,1,20.4,4,56
2,6,9,3,1,1,4,1,2,4,2,2,1,93.81,1,15
1,4,5,1,3,1,1,1,2,1,4,2,2,0,1,25
1,3,4,3,3,2,0,1,2,2,3,1,2,0,3,71
1,4,8,2,1,1,1,1,1,3,4,3,2,0,2,47
1,2,7,3,3,2,0,1,2,3,3,2,2,0,1,12
1,2,3,2,2,1,4,2,2,1,1,1,2,0,1,27
2,5,6,4,4,2,0,2,1,5,4,3,1,24.65,3,82
1,3,1,3,3,2,0,1,1,1,5,3,2,0,3,69
2,3,4,2,2,1,4,1,1,1,2,1,1,69.83,1,24
1,5,9,3,2,1,1,2,2,6,2,2,2,0,1,8
2,6,8,3,5,1,1,1,2,7,1,1,1,24.65,2,38
1,3,4,4,3,2,0,2,1,1,2,1,2,0,1,14
1,3,4,3,3,1,1,1,1,5,4,1,2,0,4,70
1,5,9,1,4,2,0,1,2,7,3,3,2,0,2,53
2,6,2,1,1,2,0,1,1,3,3,2,1,24.65,4,62
2,3,3,1,3,1,2,2,1,2,3,1,1,24.65,4,53
2,6,8,2,2,1,2,1,2,4,3,1,1,24.65,1,30
1,3,6,2,4,1,3,2,2,5,5,2,2,0,1,13
2,5,6,2,5,1,1,2,1,4,4,3,1,24.65,3,77
2,3,6,2,4,2,0,1,2,4,4,3,1,24.65,4,52
1,4,2,3,3,2,0,1,1,3,4,3,1,25.12,1,7
1,5,3,4,4,1,3,1,2,7,3,2,1,21.94,3,70
1,6,8,3,5,2,0,2,2,5,3,1,1,24.25,3,87
2,1,5,4,3,1,1,1,2,1,4,1,1,42.74,4,69
1,5,5,3,3,2,0,1,2,1,2,3,2,0,1,20
1,6,5,3,2,1,2,2,2,6,4,2,2,0,3,80
2,5,4,2,4,1,4,2,2,2,3,2,1,24.65,4,61
1,2,2,3,2,2,0,2,2,3,2,3,2,0,1,17
2,5,9,1,5,1,3,1,1,6,1,1,1,24.65,2,51
2,5,4,3,1,1,3,1,1,2,1,3,1,51.93,1,12
1,3,7,1,2,2,0,1,2,4,3,1,1,51.58,4,69
1,1,7,3,5,2,0,1,1,2,1,2,2,0,2,51
1,5,4,4,2,1,4,1,2,3,4,3,2,0,1,21
1,6,7,2,3,1,2,2,1,2,1,3,2,0,3,83
2,1,1,3,3,2,0,2,2,6,4,1,1,83.34,4,50
1,5,3,4,1,1,3,2,1,4,2,3,2,0,2,45
1,1,2,3,4,2,0,1,2,5,1,2,2,0,1,32
1,4,3,1,3,2,0,1,1,1,2,1,1,31.47,4,57
2,5,5,2,4,2,0,2,1,3,3,3,1,20.73,4,66
1,5,9,4,3,1,1,1,2,5,5,3,2,0,1,4
2,2,1,1,1,2,0,1,1,4,1,2,1,24.65,4,69
1,6,5,4,3,1,4,1,2,1,4,1,2,0,4,69
2,3,8,1,3,2,0,1,1,4,4,3,1,24.65,3,70
2,6,8,1,3,1,3,1,1,5,3,1,1,18.12,3,70
2,3,2,1,2,2,0,2,1,6,3,2,1,24.65,3,70
2,2,7,3,1,1,2,1,2,4,5,3,1,24.65,1,24
1,6,7,2,1,2,0,2,1,3,4,2,1,46.71,4,52
2,1,8,1,3,1,1,1,1,5,4,2,1,24.65,4,65
1,2,1,1,3,2,0,1,2,6,2,3,2,0,1,28
2,5,8,4,5,1,4,1,2,3,5,1,1,84,3,71
2,5,1,4,4,2,0,2,2,1,4,3,1,24.65,3,89
1,6,8,2,1,1,2,1,1,4,3,3,2,0,3,69
1,1,1,1,3,2,0,1,2,1,4,3,1,15.19,2,31
1,1,9,3,1,1,2,1,1,2,5,1,2,0,4,50
2,5,9,3,4,1,1,2,2,7,3,1,1,90.72,3,74
2,1,7,4,5,1,2,1,1,6,5,1,1,24.65,1,5
2,4,4,1,2,2,0,1,2,1,5,1,1,24.65,3,75
1,5,2,1,5,2,0,2,2,2,4,3,1,64.17,2,30
1,2,9,3,4,2,0,1,2,3,4,2,1,88.78,2,39
2,6,7,4,4,1,2,2,2,3,5,3,1,24.65,2,32
2,4,8,3,4,2,0,1,2,4,2,1,1,24.65,2,48
2,2,5,4,3,2,0,2,2,7,5,3,1,78.21,2,50
1,6,7,3,4,2,0,2,2,1,3,2,2,0,1,18
1,4,4,1,3,2,0,2,2,2,2,3,2,0,1,27
2,2,7,1,3,1,2,2,2,6,5,2,1,24.65,1,16
1,5,8,2,4,1,1,1,1,7,1,1,1,57.8,4,62
1,3,2,3,1,1,4,1,2,7,4,1,1,36.28,1,20
1,4,7,1,1,1,4,1,2,4,5,1,2,0,1,11
1,6,7,1,5,1,1,1,2,4,4,3,2,0,4,63
2,4,2,4,4,1,2,1,1,3,4,1,1,10.94,1,2
2,2,6,3,2,1,2,1,1,4,1,1,1,24.65,4,66
2,3,7,4,1,2,0,1,2,4,2,1,1,14.83,3,86
1,4,5,1,5,1,3,2,2,2,1,2,2,0,2,43
1,5,5,3,1,2,0,2,1,6,4,1,2,0,4,58
1,2,9,1,2,1,1,2,1,7,2,2,1,11.34,1,8
1,6,8,1,1,2,0,2,1,5,5,3,1,14.99,4,57
2,3,7,4,4,1,1,1,1,2,2,2,1,24.65,2,43
1,5,1,2,3,1,3,2,2,4,5,2,2,0,1,2
1,1,3,4,3,1,1,1,1,7,3,3,1,40.55,1,26
2,3,3,1,3,2,0,1,1,2,3,1,1,24.65,4,65
1,4,8,2,1,1,4,1,2,5,2,1,1,31.25,3,78
2,2,3,3,3,2,0,1,1,6,3,1,1,24.65,2,36
2,5,1,2,3,1,2,1,2,2,4,2,1,34,4,56
2,2,4,2,5,1,3,1,2,7,2,3,1,59.93,2,44
1,6,1,4,3,1,3,1,2,4,1,2,2,0,4,56
1,4,2,3,5,2,0,1,2,1,2,2,1,44.43,2,36
1,4,2,2,3,2,0,1,2,2,5,2,2,0,3,74
1,4,1,4,2,1,4,2,1,6,4,1,2,0,2,46
1,3,4,1,4,2,0,1,1,2,4,3,2,0,1,25
2,2,1,3,1,2,0,1,2,3,3,2,1,24.65,4,57
1,2,9,2,2,1,1,1,2,4,2,1,2,0,3,84
1,1,4,1,3,2,0,2,1,7,5,3,2,0,3,73
1,2,8,4,5,1,1,1,2,5,5,3,1,58,2,30
2,3,3,3,2,2,0,2,2,3,2,1,1,85.06,4,58
1,3,8,1,4,1,3,1,1,5,3,2,2,0,1,8
2,2,4,2,1,2,0,1,1,7,2,2,1,24.65,3,75
2,3,3,4,4,2,0,2,2,6,3,3,1,70.03,3,85
2,2,8,1,2,2,0,1,2,6,3,3,1,24.65,3,81
2,6,4,4,2,2,0,2,1,4,5,2,1,73.83,3,85
1,2,3,1,3,1,2,1,2,7,2,2,1,95.18,3,79
2,1,7,3,3,1,1,1,2,2,2,2,1,24.65,1,2
1,1,4,3,5,2,0,2,1,5,1,1,1,68.04,3,73
1,5,5,4,1,2,0,1,1,7,2,3,2,0,1,18
2,1,8,1,2,1,1,1,2,3,4,1,1,24.65,3,76
2,1,1,4,2,1,1,1,1,5,2,3,1,98.73,2,39
2,1,6,2,4,1,2,1,1,4,1,1,1,24.65,4,58
1,1,3,1,1,2,0,1,1,6,5,3,2,0,1,13
2,3,5,4,3,1,4,2,2,1,2,1,1,16.83,1,3
2,4,4,2,1,1,4,1,1,7,4,2,1,24.65,4,55
1,6,2,1,4,2,0,1,1,2,3,1,2,0,3,71
1,1,6,4,3,2,0,2,2,4,4,2,1,82.15,4,57
2,6,7,3,3,2,0,2,1,1,2,1,1,79.99,4,63
1,1,7,1,4,1,1,1,1,4,4,3,1,50.56,2,52
1,5,4,4,1,1,3,1,2,6,5,2,2,0,1,16
1,5,9,4,4,2,0,2,1,7,2,2,2,0,1,6
1,3,2,1,3,2,0,2,2,7,2,3,2,0,2,54
1,4,9,1,4,1,3,1,1,4,2,3,1,48.53,4,64
1,4,5,1,3,1,4,1,2,3,4,1,2,0,2,37
2,5,9,2,5,1,1,1,1,1,2,1,1,24.65,4,61
2,5,2,2,2,1,1,1,2,4,2,2,1,26.21,4,52
2,4,6,2,3,2,0,2,2,1,5,2,1,24.65,3,73
1,5,7,4,5,2,0,1,2,7,4,1,1,13.54,1,32
2,4,2,4,2,1,3,1,2,7,2,2,1,24.65,4,69
2,5,6,3,2,2,0,2,1,3,5,2,1,24.65,3,73
2,1,7,2,5,2,0,1,2,6,4,1,1,24.65,1,31
1,2,1,3,2,2,0,1,2,4,2,3,2,0,1,6
1,5,4,4,2,2,0,1,2,3,3,3,1,17.98,2,36
2,4,1,1,3,2,0,2,2,7,5,3,1,94.63,2,50
1,4,7,3,2,1,2,2,1,4,1,2,2,0,3,89
2,4,8,4,5,2,0,1,2,4,2,2,1,51.91,3,82
2,2,3,2,1,2,0,2,2,2,3,2,1,72.74,4,52
1,6,6,1,3,1,2,2,2,3,2,1,2,0,2,30
2,6,8,3,3,2,0,2,1,3,2,3,1,92.93,3,88
1,1,2,4,4,2,0,1,1,7,5,2,2,0,2,33
1,5,3,4,4,2,0,1,1,1,2,2,1,49.28,1,4
2,2,9,2,1,1,2,1,1,3,1,2,1,24.65,2,47
1,4,7,2,1,1,4,2,1,1,4,3,1,81.39,2,44
1,5,7,3,3,1,4,1,1,7,1,1,2,0,1,15
1,5,7,3,3,1,1,1,2,5,5,3,1,64.43,1,18
2,6,6,2,5,2,0,1,1,6,5,2,1,24.65,4,59
1,3,3,2,3,2,0,1,2,1,4,1,2,0,4,67
2,3,2,1,5,2,0,2,1,1,4,1,1,13.29,2,52
2,6,1,2,3,1,2,1,2,7,2,3,1,24.65,1,31
2,4,4,4,4,2,0,2,1,6,2,1,1,93.56,4,64
1,4,4,1,3,2,0,1,1,3,5,2,1,33.05,4,58
2,2,3,1,2,2,0,2,1,3,2,3,1,24.65,3,88
1,6,1,3,1,1,1,1,2,1,4,3,1,90.4,1,24
1,6,3,1,1,1,1,2,2,1,1,2,2,0,3,73
1,1,9,4,4,1,1,1,2,4,3,2,1,53.1,1,21
2,2,8,1,5,1,4,1,1,3,5,1,1,24.65,2,31
1,4,8,3,1,1,2,1,2,7,4,2,1,42.22,4,57
2,5,1,2,3,1,2,1,2,2,2,1,1,24.65,2,47
1,3,9,1,1,2,0,1,2,1,2,1,1,55.79,4,51
1,3,2,4,4,2,0,1,2,1,2,3,2,0,2,51
1,2,5,4,1,1,4,1,1,2,5,3,2,0,1,20
1,5,2,2,3,1,3,2,1,4,1,1,1,82.36,3,74
2,6,4,2,5,1,2,2,1,1,2,1,1,57.26,3,71
2,2,5,2,3,1,4,1,1,6,4,1,1,24.65,2,40
2,3,5,4,4,1,2,2,1,2,2,2,1,59.59,3,85
2,5,5,4,1,1,3,2,2,6,4,2,1,24.65,2,32
1,5,5,1,1,2,0,1,1,3,2,1,1,78.1,4,66
1,5,2,2,1,2,0,1,2,4,2,1,2,0,2,48
2,6,7,3,4,2,0,2,2,6,5,3,1,37.29,4,59
2,2,9,4,1,1,3,2,1,1,4,1,1,24.65,1,5
2,3,9,1,5,2,0,1,2,4,3,3,1,24.65,4,52
2,5,5,3,2,1,3,2,2,6,4,2,1,31.84,2,33
2,4,4,4,2,2,0,1,1,4,5,1,1,80.18,4,67
2,4,5,4,5,1,2,1,1,3,5,3,1,24.65,2,52
2,4,3,4,2,1,3,1,1,5,4,2,1,91.37,4,52
2,3,7,1,1,2,0,1,2,4,1,2,1,24.65,4,65
1,4,5,1,5,2,0,1,2,5,2,3,1,75.26,3,84
1,4,9,3,1,2,0,1,1,2,2,3,2,0,1,29
2,3,3,1,1,2,0,1,2,4,3,2,1,24.65,4,66
2,3,9,2,5,1,3,2,1,3,5,1,1,24.36,3,82
2,1,9,4,4,1,1,2,2,1,3,2,1,24.65,4,54
2,5,7,4,5,1,2,1,1,7,1,3,1,24.65,1,10
1,4,1,3,5,1,4,1,2,2,2,3,1,97.94,3,81
2,4,5,4,5,1,1,2,1,1,4,3,1,59.82,4,55
1,1,3,3,3,2,0,1,2,7,3,3,2,0,3,69
2,2,1,3,1,2,0,2,1,2,1,3,1,63.45,4,66
1,5,4,4,3,2,0,1,1,5,1,3,1,99.9,4,58
2,3,9,3,3,1,2,1,1,6,2,1,1,96.69,3,78
1,5,1,3,1,2,0,1,1,6,5,1,1,77.91,2,44
1,6,1,3,1,1,3,2,2,7,3,2,2,0,1,15
1,5,4,4,3,1,4,2,1,5,4,1,2,0,2,37
1,5,4,4,1,2,0,1,1,6,2,3,2,0,1,27
1,5,7,2,2,2,0,1,2,4,3,3,1,54.84,4,66
2,5,8,4,5,1,3,2,1,5,1,3,1,78.96,1,12
2,1,1,3,4,1,1,2,2,1,3,1,1,24.65,2,40
1,3,6,1,5,1,1,2,1,5,4,1,2,0,2,45
2,3,3,3,2,2,0,1,1,4,3,3,1,46.11,4,53
2,6,2,1,1,2,0,2,1,2,4,3,1,24.65,1,23
1,5,1,3,5,2,0,1,1,1,2,2,1,38.49,4,51
2,2,8,3,2,2,0,1,1,5,1,1,1,78.39,4,69
1,3,1,3,2,1,3,2,1,6,3,1,2,0,3,87
1,2,2,3,3,2,0,1,1,1,4,2,2,0,1,3
2,1,1,2,4,2,0,2,1,3,1,2,1,24.65,1,28
2,4,3,1,2,2,0,1,2,2,2,2,1,24.65,2,43
2,6,3,1,5,1,4,1,1,4,5,3,1,24.65,1,30
1,3,2,1,1,2,0,1,1,5,3,3,1,90.96,3,69
2,1,7,3,2,2,0,2,2,2,2,1,1,76.36,2,31
1,4,7,1,3,1,1,2,2,4,2,1,2,0,1,19
1,5,3,4,4,1,3,2,1,3,3,2,2,0,1,7
2,1,9,1,2,2,0,2,1,1,1,3,1,17.48,4,60
2,2,7,4,5,1,1,1,2,1,4,2,1,24.65,2,33
2,1,8,2,2,1,3,1,1,6,3,2,1,24.65,2,33
2,6,8,4,1,1,1,1,2,5,4,2,1,24.65,3,71
2,2,8,2,1,2,0,2,2,1,3,3,1,24.65,2,43
1,2,6,4,4,1,1,2,2,4,2,2,2,0,2,46
2,5,9,3,4,1,2,2,1,2,2,3,1,24.65,2,37
2,2,3,4,3,1,3,1,1,6,2,2,1,24.65,2,55
2,6,8,3,1,1,3,1,2,5,2,2,1,24.65,4,68
1,2,8,3,4,1,4,2,2,5,5,1,2,0,1,19
2,3,2,3,4,2,0,2,1,7,4,1,1,40.59,3,86
1,2,4,4,2,1,3,1,2,4,3,1,2,0,1,6
1,3,5,3,3,2,0,2,1,3,3,2,2,0,4,60
2,5,5,4,2,1,4,2,2,6,5,2,1,13.82,1,30
2,2,6,4,1,2,0,1,2,4,1,3,1,26.06,4,52
1,6,4,2,5,1,3,1,2,6,1,2,2,0,3,78
2,4,7,3,1,2,0,2,2,1,5,3,1,47.76,4,52
2,2,3,2,2,1,1,1,1,1,5,1,1,22.54,2,48
1,5,6,4,3,1,4,1,1,3,5,3,2,0,1,31
1,4,6,4,4,2,0,2,1,5,3,3,2,0,1,16
2,5,6,2,5,1,4,1,1,1,2,3,1,46.14,1,18
1,6,8,2,2,1,2,1,2,7,2,1,1,26.21,4,65
1,6,7,3,3,1,3,2,2,1,3,1,2,0,1,27
2,1,9,1,2,1,2,2,1,4,2,3,1,68.12,3,80
1,4,2,4,4,2,0,1,1,1,1,3,1,25.73,2,40
1,3,7,4,3,1,2,2,1,7,5,3,1,38.08,3,69
2,6,9,3,1,2,0,1,1,3,1,3,1,24.65,3,72
1,1,8,3,2,1,3,2,2,7,4,2,1,21.6,3,85
1,4,1,1,4,2,0,1,2,4,5,3,1,80.24,3,77
2,1,5,2,3,1,2,1,1,2,2,1,1,77.28,1,23
2,6,5,3,4,2,0,2,2,4,3,1,1,44.84,4,69
2,1,4,3,2,1,2,1,2,6,3,3,1,26.78,1,20
2,3,3,3,1,1,1,2,1,7,1,3,1,30.36,2,39
2,4,4,2,1,2,0,1,1,2,2,3,1,51.65,3,78
2,6,4,4,2,1,4,1,1,7,3,3,1,24.65,4,59
1,2,9,2,3,2,0,2,2,3,5,3,2,0,3,73
2,3,9,1,5,2,0,1,2,7,1,1,1,24.65,2,51
2,5,4,2,2,1,3,2,1,5,2,2,1,42.6,4,62
2,1,3,1,1,1,1,1,1,2,1,3,1,24.71,2,46
2,3,3,2,2,2,0,1,2,3,3,1,1,81.08,1,8
1,5,7,3,4,2,0,1,1,7,2,2,1,52.04,4,51
2,3,8,2,4,2,0,1,2,7,4,2,1,24.65,4,57
1,6,9,3,4,2,0,2,2,7,4,3,2,0,2,39
1,2,4,1,1,2,0,1,2,5,2,2,1,60.58,3,73
1,1,4,2,2,1,1,2,2,1,1,2,1,26.76,3,79
1,2,3,1,5,2,0,1,2,3,2,3,2,0,1,29
1,4,2,3,4,1,4,2,1,3,4,1,2,0,2,31
2,3,2,3,1,1,4,1,2,1,4,3,1,48.1,2,38
1,6,2,3,4,2,0,1,1,3,2,2,1,40.69,3,84
2,2,6,1,2,1,4,1,1,7,4,2,1,75.96,3,84
1,4,4,3,4,2,0,2,1,6,1,3,2,0,3,88
1,6,8,3,3,2,0,2,1,5,4,1,2,0,1,29
2,2,1,2,3,2,0,2,2,7,5,2,1,24.65,1,25
1,5,7,1,5,2,0,1,1,2,1,2,2,0,3,86
1,4,5,3,5,2,0,1,2,2,3,1,1,66.1,4,58
2,2,4,3,2,1,4,2,2,2,1,2,1,70.14,3,71
2,6,2,4,3,2,0,1,1,6,5,3,1,24.65,2,46
2,2,6,4,5,1,1,1,2,3,4,1,1,24.65,2,45
1,3,2,4,3,2,0,1,2,1,3,1,2,0,4,60
2,6,4,3,4,2,0,2,1,6,2,2,1,24.65,2,33
2,2,5,1,4,2,0,1,1,5,4,1,1,24.65,4,64
1,1,2,1,5,1,4,1,1,3,4,2,1,40.89,2,49
1,2,8,2,4,1,4,2,1,1,4,3,1,40.98,1,18
1,4,2,2,3,1,1,1,1,7,3,3,1,88.97,4,63
2,6,5,3,5,2,0,2,1,5,4,2,1,78.05,2,44
1,4,5,3,1,1,2,1,1,1,1,3,1,80.28,4,64
1,6,8,3,1,1,1,1,2,3,4,2,1,91.8,1,3
1,2,4,4,3,2,0,1,2,3,4,2,1,87.36,3,71
2,1,4,3,1,1,2,1,1,1,1,3,1,24.65,4,68
2,5,6,4,2,2,0,1,2,6,2,1,1,24.65,3,90
1,1,1,2,3,2,0,1,2,4,2,3,1,49.43,2,38
2,2,8,1,1,2,0,2,2,7,4,1,1,24.65,3,69
2,5,2,4,4,1,1,1,2,4,5,3,1,24.65,1,11
2,1,8,4,5,2,0,1,2,6,1,1,1,24.65,3,80
1,1,2,1,5,1,1,1,1,7,3,3,1,14.16,2,45
2,6,2,3,4,2,0,1,1,3,1,2,1,24.65,4,62
1,2,7,4,5,2,0,1,1,6,4,2,1,58.5,1,18
1,1,8,4,1,2,0,1,1,5,5,3,1,74.99,3,88
2,6,5,2,4,1,1,2,2,5,2,2,1,29.79,4,54
1,5,7,3,4,1,1,1,2,1,1,1,2,0,1,15
2,4,1,2,2,1,3,1,2,6,1,2,1,72.84,4,59
1,3,5,2,5,1,4,1,2,3,1,3,2,0,2,31
1,1,7,2,3,2,0,2,1,1,2,3,1,76.83,2,45
1,3,6,4,4,2,0,1,1,7,1,3,2,0,1,28
1,5,6,3,3,2,0,2,1,7,4,1,1,79.26,3,74
2,2,2,1,1,2,0,1,1,2,3,2,1,62.08,3,89
2,3,7,2,4,1,3,2,1,3,5,1,1,24.65,4,63
1,3,1,1,4,2,0,2,2,3,5,3,1,39.03,3,74
2,3,8,2,4,2,0,1,1,5,4,2,1,24.65,1,3
2,4,3,1,3,2,0,2,1,6,1,1,1,24.65,3,85
2,6,1,2,2,1,2,1,1,3,1,1,1,24.65,2,34
1,6,7,2,2,2,0,2,1,1,5,2,2,0,1,24
2,2,2,1,5,1,3,1,1,1,2,2,1,94.68,3,73
2,1,4,2,2,2,0,1,2,6,2,1,1,24.65,1,17
2,6,3,4,2,2,0,2,2,5,1,3,1,24.65,4,59
1,4,1,3,1,1,2,2,2,6,2,1,1,35.55,4,68
2,4,8,4,2,1,1,1,2,1,2,3,1,24.65,4,66
1,4,3,4,5,1,1,2,1,1,3,2,1,32.2,3,84
2,5,6,1,5,1,1,1,1,4,4,3,1,24.65,1,17
1,1,3,2,2,1,4,1,2,2,1,3,2,0,3,76
2,3,2,1,2,1,4,1,2,2,3,2,1,91.73,2,54
2,3,6,4,5,1,3,2,1,2,3,3,1,94.06,4,62
2,1,4,2,1,2,0,2,2,1,4,3,1,24.65,2,48
2,6,5,1,5,1,1,1,2,1,2,1,1,24.65,2,40
1,4,9,1,3,2,0,2,1,3,2,3,1,99.37,4,65
1,4,9,1,4,2,0,1,2,2,5,2,2,0,3,82
2,4,3,1,1,1,2,1,1,2,1,1,1,11.08,1,15
1,6,1,2,3,2,0,2,2,1,1,1,2,0,2,38
2,5,9,3,2,2,0,2,2,6,5,1,1,56.37,2,38
1,6,6,1,1,1,2,2,1,2,4,2,2,0,1,9
2,6,2,2,1,1,2,2,1,5,5,3,1,24.65,3,89
2,1,8,4,1,2,0,1,1,7,5,2,1,24.65,3,70
1,3,3,3,3,2,0,1,2,5,5,3,2,0,3,81
2,3,6,4,5,2,0,1,2,3,3,3,1,21.47,3,87
2,1,6,2,2,2,0,1,1,6,4,1,1,75.96,2,51
1,3,5,1,1,2,0,2,2,1,4,3,2,0,3,78
2,6,8,4,2,2,0,2,2,6,3,2,1,24.65,4,52
1,1,3,1,2,1,3,2,1,2,3,3,1,69.51,4,52
2,1,9,2,3,2,0,2,2,2,2,3,1,17.17,1,19
2,3,6,1,1,2,0,2,2,4,2,2,1,13.05,4,62
2,6,9,4,4,2,0,1,1,3,4,2,1,24.65,4,56
1,5,6,1,1,2,0,2,1,3,2,2,2,0,3,87
1,6,4,2,4,2,0,1,2,1,5,3,1,11.44,3,82
2,5,7,2,5,1,3,2,2,1,1,3,1,24.65,4,69
1,6,3,1,5,2,0,2,1,2,2,3,2,0,1,18
1,6,9,1,2,1,2,1,2,4,1,1,1,79.25,3,89
1,6,7,2,4,1,2,2,1,3,2,3,2,0,3,73
2,6,9,3,1,2,0,2,2,6,3,3,1,68.97,1,6
2,5,2,4,1,2,0,1,1,7,5,2,1,24.65,3,84
1,4,2,4,3,1,3,1,2,4,3,3,2,0,1,12
2,1,5,2,1,1,3,1,1,7,2,2,1,52.26,2,38
2,6,1,1,5,2,0,1,2,5,3,1,1,24.65,4,65
1,1,2,2,2,1,2,2,1,3,4,1,1,61.55,2,33
1,1,2,2,2,2,0,1,1,3,3,3,1,67.22,4,57
1,6,8,1,2,1,4,2,1,6,4,3,1,64.4,2,46
2,4,9,2,3,1,4,1,2,4,5,1,1,24.65,2,52
1,5,9,1,2,1,2,2,1,5,1,2,1,11.93,1,24
2,6,3,3,5,1,2,2,2,4,5,2,1,24.65,3,82
1,6,4,4,5,1,1,2,2,7,5,2,1,73.09,2,51
1,2,2,4,3,2,0,2,1,4,5,3,2,0,2,48
1,3,7,4,4,2,0,2,1,5,3,2,1,29.77,2,30
2,5,4,4,1,2,0,1,1,1,5,3,1,24.65,2,30
1,5,3,2,2,2,0,2,2,1,2,1,1,73.17,2,39
1,3,2,1,2,1,1,2,1,1,2,3,2,0,1,15
1,3,3,4,2,2,0,1,2,3,3,2,2,0,3,71
2,5,9,2,3,2,0,2,1,2,2,1,1,77.33,4,62
2,2,9,4,4,1,4,1,1,3,5,2,1,24.65,3,71
2,1,8,2,3,1,1,1,2,2,3,2,1,24.65,4,50
2,5,5,3,3,1,4,1,2,6,1,2,1,24.65,3,77
2,6,1,3,2,2,0,1,2,2,3,3,1,24.65,2,37
2,2,8,4,3,1,3,2,1,3,2,3,1,66.4,3,82
1,1,7,2,3,2,0,2,1,7,4,3,2,0,1,29
2,4,6,1,1,2,0,2,1,2,4,2,1,37.74,1,13
1,4,4,2,5,1,3,2,1,5,3,3,2,0,2,43
1,4,6,4,3,2,0,1,1,2,5,3,1,67.55,3,71
1,3,6,3,3,1,2,2,1,3,3,3,2,0,2,48
2,2,1,1,5,1,1,2,1,3,3,1,1,24.65,4,52
2,5,1,2,5,2,0,2,2,6,1,2,1,55.7,4,58
1,6,7,3,5,2,0,2,2,6,1,3,1,63.97,2,33
1,4,2,2,5,1,4,2,2,5,4,3,2,0,1,23
1,5,4,1,3,2,0,1,1,4,2,2,2,0,1,5
1,4,7,1,2,2,0,1,1,6,5,3,1,71.13,2,52
1,2,4,1,4,1,3,1,2,6,2,2,2,0,3,69
2,1,7,3,2,2,0,1,2,7,1,1,1,24.65,2,50
2,4,4,1,3,2,0,1,2,5,4,1,1,24.65,2,44
2,3,4,4,3,1,3,1,1,5,1,3,1,24.65,2,36
2,4,7,2,2,1,2,1,2,5,1,3,1,83.88,4,56
1,3,5,1,3,1,4,1,2,1,1,1,2,0,1,12
2,2,1,2,3,1,3,2,1,5,5,2,1,89.68,2,44
2,2,8,4,3,1,3,1,2,3,3,2,1,24.65,1,7
2,6,5,2,4,1,1,1,2,5,2,3,1,72.22,4,55
2,6,1,1,4,2,0,2,1,2,2,2,1,32.29,2,45
2,2,5,1,2,1,3,1,1,5,4,3,1,24.65,3,69
2,3,8,2,5,1,3,2,2,4,1,2,1,24.65,2,34
2,4,6,1,5,2,0,1,1,4,4,1,1,36.83,2,41
2,1,5,2,5,2,0,1,1,6,4,1,1,24.65,2,45
2,3,2,3,5,2,0,2,1,4,1,3,1,42.76,3,77
2,3,5,1,1,1,3,1,1,1,5,3,1,63.56,3,76
2,6,8,1,2,2,0,2,1,6,4,3,1,85.67,2,54
2,1,8,3,2,2,0,1,1,5,2,3,1,24.65,4,69
1,4,8,4,2,2,0,1,1,7,4,2,1,48.06,2,32
1,2,5,4,3,2,0,2,2,6,5,2,2,0,4,69
1,1,7,3,3,1,4,1,2,3,5,1,2,0,2,46
2,2,8,3,5,1,1,1,1,5,2,2,1,56.17,3,69
2,5,4,2,3,2,0,2,1,4,1,3,1,93.32,2,32
1,4,6,3,3,1,1,1,2,1,3,1,1,47.56,4,69
2,3,2,4,4,2,0,2,1,3,1,1,1,95.64,2,41
1,6,5,1,4,2,0,1,1,7,3,3,2,0,3,87
1,6,4,2,2,2,0,2,1,7,1,3,2,0,1,19
1,2,4,4,5,2,0,2,2,4,5,3,2,0,1,27
1,6,6,2,5,1,1,2,1,7,5,2,1,52.05,2,45
2,5,5,3,4,1,1,2,1,2,5,2,1,24.65,3,77
2,5,4,3,2,2,0,1,1,4,4,1,1,24.65,1,26
1,4,4,1,2,1,2,1,1,2,4,3,2,0,4,66
2,1,4,4,3,2,0,1,2,7,3,3,1,21.42,3,68
1,2,9,2,1,2,0,1,1,4,5,1,1,33.29,2,43
1,3,8,3,5,1,2,2,1,3,4,2,1,90.86,3,81
2,1,1,4,3,1,4,2,2,1,2,3,1,46.57,3,85
1,3,9,3,4,2,0,2,2,7,3,2,1,66.87,3,69
2,4,6,1,1,1,2,2,2,6,4,3,1,93.66,3,83
1,6,8,1,4,1,4,1,1,1,4,1,1,49.38,2,36
2,6,9,3,2,1,2,2,2,6,1,1,1,84.66,2,44
1,3,1,4,2,2,0,2,1,6,4,3,2,0,1,21
1,1,9,2,5,2,0,1,1,6,5,2,2,0,3,81
2,1,7,2,5,1,4,1,1,6,1,2,1,24.65,4,68
1,6,8,2,2,1,3,1,2,1,5,1,2,0,3,88
2,5,8,4,5,1,1,1,1,6,1,1,1,24.65,1,22
2,4,1,2,1,1,4,1,1,4,5,1,1,24.65,4,62
2,3,6,3,3,2,0,2,1,1,1,1,1,24.65,2,35
1,5,6,2,3,2,0,1,1,5,5,3,1,81.81,2,38
1,1,4,2,1,2,0,2,1,6,4,3,1,60.32,1,5
2,3,8,4,2,2,0,2,1,5,5,2,1,24.65,4,58
2,4,2,2,4,2,0,2,2,3,5,3,1,24.65,2,37
1,1,1,1,4,1,3,1,1,2,2,3,2,0,1,27
1,6,2,1,3,1,2,2,1,7,1,1,2,0,1,28
2,3,8,4,3,1,2,1,1,4,4,3,1,24.65,3,90
1,6,7,3,3,1,3,2,1,5,5,2,1,27.73,4,67
1,6,7,3,4,1,1,2,1,4,2,1,1,76.75,4,51
1,2,2,1,5,1,1,1,1,6,3,2,1,76.9,3,81
2,4,8,1,5,2,0,1,2,2,1,1,1,24.65,4,59
2,6,1,4,2,2,0,2,2,3,3,2,1,24.65,3,80
1,2,5,2,1,2,0,2,1,1,1,3,1,75.01,4,50
1,4,1,2,2,2,0,2,2,1,5,3,2,0,1,23
1,1,9,4,1,2,0,2,1,5,4,1,1,75.34,2,46
2,6,2,1,4,2,0,2,1,4,5,1,1,39.33,1,12
1,3,8,4,2,2,0,1,2,1,4,3,1,47.69,4,69
1,5,9,3,4,2,0,2,1,2,1,2,2,0,1,16
2,6,4,3,3,2,0,2,1,4,5,1,1,26.88,2,51
1,4,3,4,3,1,4,2,1,1,5,3,2,0,1,28
1,3,2,3,5,2,0,2,2,5,5,3,2,0,1,24
1,3,4,2,1,2,0,1,2,6,3,2,1,61.82,1,20
1,3,1,2,3,1,2,1,1,4,4,1,2,0,3,89
2,2,2,3,4,1,2,2,1,1,5,3,1,90.81,2,30
2,3,1,2,4,2,0,1,2,2,2,3,1,24.65,2,51
1,1,7,2,2,2,0,2,2,6,2,3,2,0,2,51
1,3,2,3,5,1,1,2,2,4,1,2,1,27.99,1,7
2,2,7,4,2,2,0,2,1,4,2,2,1,24.65,2,50
2,1,5,2,1,1,3,2,2,7,3,2,1,50.57,4,61
2,6,1,2,5,2,0,2,1,1,4,2,1,24.65,4,58
2,5,6,1,1,1,4,2,1,4,2,3,1,80.39,1,32
1,3,8,3,2,1,4,2,1,7,1,1,1,99.29,3,84
2,6,6,1,4,2,0,2,1,4,5,2,1,68.23,1,20
2,2,7,4,5,1,4,1,2,6,5,3,1,73.95,4,68
1,4,5,2,1,2,0,2,1,4,5,1,1,92.64,3,81
2,3,6,2,3,2,0,1,1,7,4,2,1,24.65,2,30
1,4,7,4,5,2,0,2,2,3,1,1,1,24.19,4,50
2,1,5,2,2,1,4,1,2,3,1,1,1,70.1,1,31
1,5,1,2,5,2,0,2,1,2,5,3,1,44.98,3,76
2,5,7,4,1,1,4,2,1,6,1,2,1,55.48,3,86
2,1,9,2,2,2,0,2,1,1,4,2,1,24.65,4,65
2,3,3,4,4,2,0,1,1,1,2,1,1,71.67,1,26
1,3,4,4,4,2,0,2,2,5,1,3,1,34.91,4,70
2,4,6,3,4,2,0,1,1,3,2,1,1,49.83,2,40
1,1,7,2,4,2,0,2,1,7,1,2,1,15.22,1,28
1,5,8,4,4,1,3,1,1,5,3,1,1,26.95,4,64
2,3,1,4,2,1,2,1,1,1,4,3,1,41.44,2,31
1,1,5,3,2,1,1,1,2,3,4,3,2,0,1,25
1,6,8,1,3,1,4,2,1,2,2,2,2,0,1,27
1,4,6,4,4,2,0,1,2,3,2,1,2,0,3,69
1,6,4,2,2,2,0,2,1,3,3,3,1,52.37,2,37
1,5,6,1,5,1,3,1,2,5,2,1,2,0,2,47
2,6,5,2,1,1,2,1,1,6,5,1,1,24.65,1,24
2,5,5,2,4,2,0,2,1,4,3,1,1,24.65,3,85
2,6,9,4,1,1,1,2,1,4,5,2,1,98.5,4,67
1,6,6,1,4,1,3,2,1,1,2,3,1,19.74,3,71
2,4,2,1,5,2,0,1,1,7,2,1,1,24.65,1,6
2,3,2,3,5,1,3,2,1,4,5,3,1,30.08,4,68
2,2,5,3,4,1,1,1,1,3,1,2,1,24.65,3,74
1,4,6,4,3,2,0,1,2,4,1,3,1,65.41,2,46
1,4,5,2,5,1,3,1,1,3,5,2,1,52.23,3,69
1,5,7,4,2,2,0,2,2,5,3,1,2,0,2,30
1,6,5,2,3,1,1,1,2,4,3,2,1,51.88,4,56
1,4,2,2,2,1,3,1,1,7,1,2,1,95.03,3,68
2,2,7,4,1,2,0,1,1,4,2,3,1,24.65,4,55
2,5,4,2,3,2,0,1,2,5,3,3,1,77.05,1,20
2,3,7,1,5,1,2,1,2,3,2,2,1,24.65,2,37
1,6,3,1,4,2,0,2,2,4,2,1,1,73.26,3,78
2,6,7,1,2,2,0,2,2,4,5,2,1,24.65,1,24
1,1,6,3,1,1,3,2,2,5,3,1,2,0,1,7
1,4,5,3,1,2,0,1,1,4,1,1,1,90.35,2,38
2,2,3,3,5,2,0,1,1,7,3,2,1,24.65,4,70
2,4,9,2,1,2,0,2,1,5,5,2,1,24.65,2,50
2,6,3,1,3,2,0,2,2,2,4,2,1,24.65,4,50
2,3,5,2,2,1,4,2,1,2,3,2,1,24.65,4,69
1,4,7,3,4,2,0,2,1,1,3,3,2,0,1,24
1,2,5,2,5,1,3,1,2,5,3,2,2,0,1,25
2,1,6,1,3,2,0,1,1,7,1,3,1,64.98,4,53
1,5,1,1,5,2,0,2,2,5,4,1,1,40.53,1,31
1,4,8,2,5,1,1,2,1,4,3,1,2,0,1,7
1,3,8,3,2,2,0,2,1,3,4,1,2,0,2,46
1,4,3,3,4,1,4,1,2,1,1,1,2,0,3,90
2,4,3,2,5,1,4,2,2,4,5,3,1,51.73,4,67
1,4,8,4,2,2,0,1,1,6,4,3,1,27.88,1,28
1,3,4,2,1,1,1,1,1,4,1,3,1,28.38,4,50
1,4,5,3,1,2,0,1,1,1,1,3,2,0,2,34
2,2,8,3,4,1,1,1,1,1,3,2,1,24.65,4,70
2,6,4,2,3,2,0,2,1,7,3,1,1,94.57,4,65
2,5,9,1,4,1,3,1,1,1,5,2,1,48.72,2,35
1,2,1,3,4,2,0,2,1,2,5,2,1,22.47,2,55
1,3,8,3,1,1,4,1,2,4,1,2,1,20.05,1,11
1,4,4,4,3,1,3,1,1,2,5,2,1,51.72,3,87
1,4,1,4,4,2,0,2,1,6,4,2,2,0,1,23
1,1,9,2,5,2,0,2,1,1,2,1,2,0,1,17
1,6,9,4,2,2,0,1,2,6,3,2,2,0,3,72
1,5,3,4,5,1,3,2,2,4,3,2,2,0,1,32
2,1,3,4,2,1,1,1,2,3,1,1,1,63.6,4,61
1,3,2,4,5,2,0,1,2,1,3,3,2,0,1,18
2,1,4,3,5,2,0,2,2,3,1,2,1,22.38,1,24
2,4,7,2,2,2,0,1,2,5,3,2,1,24.65,2,50
1,6,9,3,3,2,0,2,2,6,3,2,2,0,3,80
2,3,3,2,3,2,0,2,1,1,3,1,1,74.36,2,38
1,1,1,3,5,2,0,1,2,3,4,1,2,0,4,69
1,5,3,4,4,1,4,1,2,3,5,1,1,48.16,2,35
1,5,9,2,3,1,4,1,2,3,3,3,1,17.5,1,5
1,3,1,3,1,2,0,1,1,6,4,3,2,0,1,12
2,3,9,4,2,1,1,1,2,4,2,1,1,57.39,2,37
2,4,4,3,3,1,4,2,1,6,5,2,1,65.61,4,54
1,3,5,3,5,1,1,2,1,1,2,1,1,74.13,4,52
2,3,1,1,5,2,0,2,2,4,2,2,1,64.1,3,77
2,1,6,1,4,1,4,2,2,3,4,2,1,82.7,1,19
1,4,7,4,2,1,2,1,2,1,2,3,1,13.32,4,55
2,4,7,4,5,1,2,2,1,2,5,2,1,24.65,4,69
2,3,3,1,1,1,1,2,2,6,4,3,1,24.65,3,73
2,5,5,1,5,2,0,2,1,7,3,1,1,24.65,1,16
2,3,5,2,3,2,0,1,2,4,2,1,1,24.65,4,65
2,1,2,4,3,1,4,1,2,1,3,2,1,24.65,4,65
1,1,6,1,1,1,1,1,2,3,3,3,1,66.06,1,15
1,5,7,4,2,1,1,1,2,7,2,1,2,0,1,11
1,5,6,2,2,2,0,1,2,2,3,2,1,39.32,2,40
2,5,3,3,4,2,0,2,1,4,3,1,1,99.06,3,83
1,5,3,3,2,1,3,1,1,5,2,1,2,0,2,45
2,2,3,4,4,2,0,2,2,6,2,1,1,24.65,2,33
2,3,3,3,4,1,3,2,2,5,5,3,1,56.92,3,75
1,5,8,2,5,1,4,2,2,3,5,2,1,37.92,1,23
1,2,8,4,2,1,4,1,2,6,3,2,1,39.6,4,66
1,4,9,2,4,2,0,2,1,1,2,3,2,0,1,25
2,3,7,3,5,2,0,1,2,6,3,3,1,48.53,4,61
2,2,5,4,2,1,1,1,1,7,1,1,1,22.91,2,40
2,2,4,2,5,1,4,1,1,6,5,1,1,64.84,2,51
2,6,6,3,4,2,0,1,2,1,4,3,1,24.65,4,53
2,6,8,1,4,2,0,1,2,6,1,2,1,87.83,3,89
1,1,6,3,4,1,4,1,1,4,4,1,1,64.82,1,30
1,1,2,3,2,2,0,1,1,6,2,1,1,91.5,2,47
1,5,3,3,2,1,4,1,2,4,3,1,2,0,1,19
2,4,6,1,3,2,0,1,2,2,3,3,1,24.65,3,79
2,4,7,2,2,2,0,2,2,4,2,2,1,24.65,1,5
1,1,4,4,5,1,1,1,2,4,4,1,1,56.09,4,59
1,2,3,4,2,1,2,1,1,2,2,2,2,0,3,77
2,3,6,4,2,2,0,2,2,4,1,3,1,22.81,3,71
2,1,6,3,2,2,0,2,2,2,4,2,1,14.98,1,5
2,4,6,1,5,1,3,1,1,7,1,1,1,11.27,3,89
1,4,7,3,2,1,2,2,2,1,3,3,1,60.82,3,72
1,6,6,1,2,2,0,1,1,5,5,3,2,0,1,31
1,5,7,1,3,1,3,1,2,3,3,1,2,0,3,71
2,3,5,2,1,2,0,2,1,1,5,1,1,24.65,1,12
1,1,5,4,1,1,3,2,2,2,3,2,2,0,3,87
2,4,5,2,5,2,0,2,2,4,2,1,1,24.65,3,82
2,6,4,4,5,2,0,1,1,1,1,1,1,83.79,3,76
2,6,2,2,1,2,0,1,1,7,5,3,1,54.9,2,36
1,5,3,2,1,1,4,1,2,4,3,1,2,0,2,38
2,6,6,1,4,2,0,2,1,5,3,2,1,86.87,4,52
2,1,4,1,4,1,4,1,1,3,5,2,1,89.52,4,52
2,2,8,2,1,1,2,1,1,1,1,2,1,24.65,4,62
1,1,1,2,5,1,2,2,2,2,2,1,1,42.25,3,85
2,2,4,3,2,1,4,1,2,4,5,3,1,24.65,1,26
2,2,8,4,1,1,2,1,1,6,4,2,1,36.25,4,52
2,2,7,3,3,1,2,1,1,5,5,2,1,88.64,2,55
2,6,5,2,4,2,0,1,1,1,5,3,1,24.65,4,67
1,3,5,2,3,2,0,1,2,1,1,2,2,0,2,54
2,3,6,2,2,1,1,1,2,5,3,3,1,24.65,3,89
2,6,8,3,3,1,2,1,1,3,4,3,1,24.65,4,65
2,6,6,1,3,2,0,2,1,6,3,3,1,24.65,2,35
2,6,8,1,4,1,2,2,1,4,4,1,1,12.24,3,75
1,1,7,3,2,1,1,2,2,2,4,2,2,0,1,10
2,3,4,3,4,2,0,1,1,4,5,1,1,12.13,1,22
1,2,3,1,3,1,1,2,1,5,5,1,2,0,1,32
1,4,9,4,2,2,0,1,2,2,5,2,2,0,1,14
1,4,9,2,5,1,2,2,1,7,4,3,2,0,1,2
2,1,2,4,2,2,0,2,2,5,4,1,2,0,2,53
2,6,2,4,5,1,2,2,2,6,1,1,1,23.24,2,47
1,4,7,4,5,2,0,2,2,4,2,1,2,0,3,73
1,1,7,3,3,1,3,2,2,2,5,1,2,0,1,2
1,3,6,1,5,1,2,1,2,4,1,2,1,36.55,4,68
2,1,1,4,5,1,2,1,2,2,5,2,2,0,2,37
2,1,9,4,2,1,1,1,1,1,5,1,1,87.88,2,32
1,3,9,4,4,1,1,2,2,6,2,1,2,0,4,66
2,5,4,3,5,2,0,1,1,1,1,2,2,0,1,6
1,6,6,2,2,1,4,2,1,2,2,2,2,0,1,6
1,6,9,2,3,1,3,2,1,4,5,2,2,0,3,72
1,5,1,1,2,2,0,1,2,4,1,2,1,52.22,2,32
1,1,4,2,4,2,0,2,2,4,4,1,1,89.98,4,62
2,5,8,3,4,2,0,1,1,1,4,3,1,37.91,2,39
2,4,3,3,4,1,2,1,2,4,5,2,2,0,4,58
2,5,6,2,1,1,4,1,1,7,3,1,2,0,4,66
2,3,6,3,3,1,2,1,2,6,3,3,1,88.99,4,70
2,4,4,2,1,2,0,2,1,2,2,2,1,75.6,4,65
1,2,5,1,1,1,3,1,2,3,2,3,1,82.38,1,26
1,3,4,2,5,1,2,2,2,4,5,3,2,0,4,66
1,6,6,3,5,2,0,2,2,4,3,2,1,61.51,2,55
1,2,9,3,2,1,4,1,1,6,1,3,1,57.24,3,88
1,1,1,2,4,1,4,2,1,6,5,3,1,57.47,1,27
2,4,2,3,4,1,3,1,2,4,3,1,2,0,4,53
2,5,8,2,2,1,3,1,2,5,4,3,2,0,4,65
2,4,8,3,1,1,2,2,2,2,4,3,1,44.32,4,53
2,3,4,3,5,2,0,1,1,1,3,2,2,0,1,17
1,1,3,2,5,2,0,1,2,3,2,3,2,0,4,55
2,3,3,2,2,1,2,2,2,3,3,3,1,93.24,4,69
1,1,8,3,4,2,0,1,1,6,2,1,1,82.07,4,63
1,5,9,4,2,2,0,2,2,3,4,3,1,45.8,1,10
1,5,4,1,3,2,0,1,1,3,1,2,2,0,1,22
2,5,5,4,1,1,1,2,2,1,2,3,2,0,2,51
2,3,4,2,2,2,0,1,1,1,2,3,1,11.77,4,58
2,2,6,1,2,1,2,2,1,4,3,2,2,0,4,50
1,4,9,4,2,1,2,2,2,1,1,3,1,42.22,2,45
1,4,1,2,3,1,4,2,2,6,5,1,2,0,2,47
2,3,1,3,1,2,0,2,1,5,3,1,2,0,3,86
1,4,8,4,1,2,0,2,2,3,3,3,2,0,4,66
1,6,2,2,2,1,1,2,2,3,2,2,1,55.65,4,69
1,3,7,3,3,1,3,1,2,3,3,3,2,0,2,48
2,4,9,4,3,2,0,2,1,2,4,1,2,0,3,83
2,3,3,2,4,1,4,1,1,2,1,3,2,0,4,58
2,3,7,4,3,2,0,2,2,2,5,1,1,45.72,1,18
2,4,7,1,5,2,0,1,2,4,5,3,1,16.5,3,83
1,1,5,2,5,2,0,1,2,5,5,1,1,54.84,3,89
1,4,4,2,1,1,2,1,1,6,4,3,1,60.03,1,27
1,3,1,4,1,1,4,1,2,6,5,2,1,16.8,1,17
1,5,7,2,3,2,0,1,2,3,5,1,2,0,1,20
1,6,8,1,5,2,0,1,1,7,3,1,2,0,1,11
1,3,1,1,4,1,4,1,2,7,3,1,2,0,4,55
2,4,4,1,1,2,0,2,2,5,1,3,1,99.33,4,61
2,1,5,4,4,1,1,1,1,2,4,1,2,0,3,70
2,1,7,3,1,2,0,1,2,6,1,3,1,96.19,2,39
1,6,4,3,2,1,2,2,1,3,2,1,1,48.81,4,61
2,3,6,2,3,1,2,2,1,1,2,2,1,54.07,3,77
2,6,9,3,3,2,0,2,2,1,4,1,2,0,1,25
2,4,3,1,5,1,3,1,1,2,4,3,2,0,2,38
2,3,1,1,4,1,4,2,2,3,4,1,1,83.52,4,52
1,5,8,2,5,2,0,1,2,4,4,2,1,97.18,2,40
2,6,4,3,3,2,0,2,1,2,1,2,1,56.44,1,3
1,6,1,4,2,1,2,2,2,1,2,1,1,45.62,3,77
1,1,1,1,1,2,0,1,1,6,1,3,2,0,1,8
2,1,2,1,5,2,0,1,2,5,5,3,2,0,1,12
1,1,1,3,4,1,3,2,1,3,5,3,1,49.19,4,66
1,6,5,2,1,2,0,2,2,3,1,1,1,65.44,4,66
1,1,7,1,2,2,0,1,1,7,2,2,1,55.65,2,48
2,3,5,3,5,2,0,2,1,4,3,2,1,36.21,4,63
2,4,8,4,1,1,3,2,1,5,5,3,1,22.17,3,78
1,1,2,1,2,2,0,1,2,3,5,1,1,77.07,3,74
1,3,8,1,3,2,0,2,2,7,4,3,2,0,2,41
2,4,2,3,4,1,1,2,2,5,5,3,2,0,1,28
2,5,3,2,1,2,0,2,2,5,1,2,2,0,4,63
1,6,3,3,1,1,1,1,1,7,4,3,2,0,4,59
1,4,8,1,2,1,3,2,1,5,4,2,2,0,1,5
1,1,6,2,4,1,2,1,1,4,5,2,2,0,1,11
2,1,8,3,5,1,1,1,2,1,1,3,1,73.39,2,55
2,5,5,1,1,1,4,1,2,4,2,3,2,0,3,70
2,6,2,2,2,2,0,1,1,3,2,1,1,76.31,1,25
2,5,6,1,2,1,4,2,2,6,2,3,2,0,2,33
2,2,3,4,5,1,3,1,2,1,5,3,1,26.75,1,9
2,1,9,4,3,1,3,2,1,6,2,3,2,0,4,63
1,1,7,1,1,1,1,1,2,1,5,3,1,44.26,2,30
1,3,5,3,4,2,0,2,2,2,3,3,1,35.37,4,50
2,4,5,1,4,1,3,1,1,1,4,1,1,91.84,3,69
1,1,6,4,2,2,0,2,1,2,3,2,2,0,2,51
2,1,8,1,4,1,1,1,1,5,3,2,1,44.3,2,49
2,6,2,4,3,1,3,1,2,3,1,2,1,28.56,4,53
1,3,1,3,4,1,3,2,1,7,1,1,1,44.29,4,52
1,3,3,4,5,1,4,1,2,1,2,2,2,0,4,53
1,2,3,1,1,1,3,1,1,6,2,2,1,83.89,3,80
2,4,6,1,5,2,0,1,1,1,1,2,1,39.19,4,52
2,3,7,2,4,1,3,1,1,6,4,2,1,90.43,4,58
1,2,7,1,1,2,0,2,2,2,3,2,1,35.11,3,72
2,2,1,4,3,1,1,2,2,2,5,1,1,69.42,3,82
1,1,3,2,3,2,0,1,1,5,5,3,2,0,1,4
2,3,2,3,2,1,2,2,2,5,4,2,1,82.37,2,41
1,5,8,1,4,2,0,1,1,4,4,3,2,0,1,23
2,4,1,2,4,1,2,1,1,5,3,2,2,0,1,21
1,1,9,1,3,1,2,2,2,4,3,2,2,0,2,34
2,3,1,1,5,2,0,1,1,5,2,3,1,81.08,3,71
1,6,7,1,2,1,2,1,1,2,2,3,1,69.87,1,30
2,6,8,4,1,2,0,2,2,2,5,3,1,19.65,1,28
1,3,2,2,2,1,3,2,1,4,4,1,1,76.34,4,68
2,1,3,3,5,1,4,1,2,2,2,1,1,26.55,2,40
2,3,5,3,4,2,0,1,1,5,2,3,1,74.9,2,38
2,2,1,4,4,1,1,1,1,2,2,2,2,0,4,63
1,3,1,4,1,1,3,1,1,6,3,3,2,0,1,8
2,2,4,2,2,2,0,1,2,2,1,1,1,23.91,4,56
1,3,7,3,2,2,0,2,1,7,1,2,1,55.12,1,14
2,1,6,3,4,2,0,1,2,4,5,3,2,0,2,36
1,2,8,2,2,2,0,2,2,3,4,2,2,0,4,59
2,2,4,4,2,2,0,1,1,1,4,3,2,0,1,21
2,2,1,2,4,2,0,1,1,7,5,2,1,80.31,2,48
1,4,3,1,2,1,4,2,2,6,5,2,1,78.04,3,81
1,5,7,3,3,2,0,1,1,5,2,3,2,0,4,59
2,1,4,2,5,2,0,1,2,7,2,3,2,0,3,90
1,2,1,1,3,2,0,1,1,3,4,2,2,0,2,41
1,5,7,1,5,1,3,2,1,4,1,3,2,0,3,76
1,6,8,3,5,2,0,2,1,3,2,3,1,28.32,2,39
1,6,9,1,4,1,3,2,1,3,2,3,1,67.18,1,32
2,1,5,2,5,1,2,1,2,2,2,1,1,42.53,2,55
2,3,4,2,3,2,0,1,1,4,1,1,1,95.72,2,40
1,3,6,1,1,1,4,1,2,6,3,1,2,0,1,2
2,6,2,1,4,2,0,1,2,4,5,1,1,49.29,4,57
1,5,3,2,1,1,2,1,2,5,3,2,2,0,2,33
1,4,4,4,5,1,3,1,2,4,1,3,2,0,2,47
1,6,8,3,3,2,0,1,1,1,1,2,1,91.55,2,49
2,3,9,3,3,2,0,1,1,3,1,2,2,0,3,81
1,5,3,2,2,2,0,2,2,1,1,1,2,0,3,69
2,2,2,2,1,1,1,1,2,6,3,2,2,0,3,74
1,5,1,1,3,2,0,2,2,4,1,3,2,0,1,15
2,6,7,1,4,1,2,2,1,6,5,3,1,83.51,3,74
1,1,5,1,2,2,0,1,1,2,4,1,1,51.13,2,55
1,3,3,2,2,1,4,1,1,5,5,2,2,0,1,17
2,2,1,3,4,2,0,1,1,4,4,2,1,34.7,4,61
1,5,2,2,4,1,2,1,1,1,2,1,1,92.46,3,80
1,5,9,4,1,2,0,1,2,2,1,3,2,0,2,41
2,3,5,3,1,2,0,2,1,5,4,1,1,74.91,4,61
2,4,6,2,1,1,4,1,2,2,5,1,2,0,3,87
2,3,3,2,5,1,4,1,2,6,1,2,1,42.75,2,35
2,1,4,1,1,1,3,1,2,7,1,3,2,0,3,79
2,2,9,3,1,1,2,1,2,1,1,1,1,80.98,3,88
2,3,6,4,5,1,4,1,2,6,2,2,1,89.01,2,44
1,4,5,2,5,1,2,2,2,2,3,3,1,60.67,4,59
1,1,8,4,5,1,1,2,2,4,4,3,1,82.42,2,37
2,4,5,3,2,1,1,1,2,2,2,3,2,0,1,29
1,4,9,2,1,1,2,2,2,6,3,3,2,0,2,43
2,6,5,1,3,2,0,1,2,5,1,2,2,0,2,42
1,6,4,1,3,2,0,2,1,1,2,1,1,28.16,4,68
1,1,3,4,1,1,2,2,1,2,4,3,1,88.79,1,5
2,3,1,1,4,2,0,2,1,3,4,3,2,0,2,30
1,4,1,1,5,2,0,1,2,7,2,1,1,40.7,4,69
1,6,1,2,4,1,2,1,2,7,3,3,1,70.57,3,84
1,5,9,3,5,1,2,2,1,5,5,2,2,0,3,72
1,3,1,4,2,2,0,1,1,5,5,3,2,0,2,48
2,1,8,2,5,1,3,1,1,1,5,2,1,99.32,4,59
1,3,1,1,4,2,0,1,2,4,5,2,1,54.99,1,7
2,4,8,1,2,2,0,2,1,5,4,2,2,0,4,60
2,6,9,4,5,2,0,2,2,5,4,2,1,78.58,4,54
2,2,6,4,1,2,0,2,2,1,5,1,2,0,1,7
2,1,8,4,2,2,0,1,2,4,4,2,1,38.05,4,52
2,3,4,3,2,1,1,2,1,5,2,2,2,0,4,59
2,1,5,4,4,1,3,2,2,3,1,1,1,93.58,3,86
1,4,5,3,2,2,0,2,2,2,3,2,1,79.25,4,57
2,5,9,1,2,2,0,1,2,7,4,1,2,0,3,72
1,2,6,2,4,2,0,2,1,3,1,3,1,87.02,3,79
1,2,7,2,5,2,0,2,2,5,5,1,2,0,1,8
2,4,6,1,3,2,0,2,1,5,2,1,2,0,4,54
1,2,5,2,3,2,0,2,1,6,4,1,1,38.82,3,74
2,6,9,3,5,2,0,1,2,7,5,2,2,0,3,84
1,5,4,3,5,1,2,2,1,2,2,1,2,0,2,54
2,3,4,3,1,1,3,1,2,6,5,3,2,0,2,42
1,6,7,3,5,2,0,1,2,6,4,3,2,0,3,68
1,4,5,3,4,1,2,2,2,7,1,1,1,86.94,3,88
1,4,4,3,5,1,3,2,2,4,5,1,2,0,3,79
2,1,8,1,1,2,0,1,2,2,4,3,2,0,3,78
1,5,1,2,1,2,0,1,1,7,2,1,1,99.51,4,69
2,3,6,1,1,1,4,1,1,3,2,1,2,0,3,79
1,1,1,4,5,2,0,1,2,3,2,2,2,0,1,10
2,2,7,2,5,2,0,2,1,6,4,1,2,0,4,69
2,3,1,2,2,2,0,2,2,1,3,3,1,48.86,2,36
2,2,6,1,2,2,0,2,2,3,3,1,2,0,4,58
1,4,7,3,4,2,0,1,2,5,5,1,2,0,3,68
1,6,6,4,3,1,1,2,1,4,5,1,1,41.02,4,56
2,6,1,4,2,1,1,1,1,6,3,3,1,49.98,3,80
1,5,9,2,5,1,2,2,2,2,4,1,2,0,2,34
2,1,8,4,5,2,0,1,2,5,5,2,1,70.48,4,60
1,2,6,2,1,1,2,1,1,4,2,1,1,14.45,1,12
1,3,8,4,1,1,1,2,2,6,3,3,1,13.12,1,18
2,3,4,4,5,2,0,1,2,2,2,2,2,0,1,17
2,5,4,4,2,1,1,2,2,4,5,3,1,63.42,2,49
2,5,3,4,5,2,0,1,2,7,3,3,2,0,2,44
1,3,9,3,1,1,2,1,1,4,1,1,1,87.59,3,68
1,1,5,3,4,1,1,1,1,5,3,1,1,47.89,2,44
2,3,6,1,3,2,0,2,2,4,3,2,2,0,2,47
1,4,2,4,1,2,0,1,2,6,5,2,1,65.52,2,41
1,5,4,4,3,1,3,1,1,6,3,2,1,47.81,2,52
1,2,9,3,4,1,1,2,1,6,2,1,2,0,3,74
1,5,1,2,5,1,2,2,1,1,1,1,2,0,1,8
2,2,6,1,5,2,0,1,1,6,1,2,1,95.37,1,30
1,3,5,1,3,2,0,2,1,1,4,1,1,43.83,3,90
2,2,4,3,4,2,0,1,2,4,1,3,1,53.41,4,67
2,3,8,1,5,2,0,1,1,6,3,2,1,34.04,2,41
2,2,1,2,3,2,0,2,2,6,2,2,2,0,2,40
1,1,9,2,1,2,0,2,2,5,2,2,1,48.92,3,78
2,2,8,2,5,1,4,2,1,7,5,3,1,48,3,77
1,5,6,2,1,2,0,2,1,5,1,2,1,31.82,2,49
1,4,6,2,2,2,0,2,1,5,4,1,1,12.41,4,57
2,6,6,2,4,1,4,1,1,5,3,1,2,0,4,69
2,4,7,1,5,1,2,2,1,4,2,2,1,81.44,4,59
2,2,2,2,5,2,0,1,1,3,4,1,2,0,3,69
2,6,2,3,3,2,0,2,2,2,2,3,2,0,3,69
1,1,5,4,3,1,1,1,2,5,3,2,1,99.42,4,54
1,6,4,4,2,1,1,2,2,1,3,2,1,30.68,1,17
2,4,8,1,1,2,0,1,1,4,3,1,1,88.86,3,84
1,4,4,2,5,1,1,1,2,3,3,3,1,84.77,1,25
1,4,1,3,1,1,4,1,2,4,2,3,2,0,1,27
1,6,2,2,3,2,0,2,2,2,3,1,2,0,4,50
1,6,6,3,4,1,3,1,2,7,1,2,1,77.94,2,50
2,1,1,3,3,1,2,1,1,4,4,3,1,82.8,4,53
2,6,6,2,3,1,4,1,1,5,2,3,1,95.61,2,31
2,3,7,2,4,2,0,2,1,5,5,1,2,0,1,3
1,2,9,1,1,2,0,1,1,5,5,3,1,28.28,4,55
1,2,3,2,2,2,0,1,2,7,4,3,2,0,2,47
2,1,3,2,5,2,0,1,1,3,1,3,1,79.03,3,88
1,3,9,3,2,1,3,1,1,7,1,3,1,25.33,2,34
2,4,5,2,1,1,3,1,1,1,5,1,2,0,4,60
2,6,4,4,3,1,2,2,1,7,3,3,1,11.45,1,21
2,6,7,1,2,1,1,1,1,3,2,2,1,72.17,2,49
2,1,2,1,1,1,4,2,1,3,2,2,1,18.16,2,36
1,2,6,3,4,1,2,1,2,3,2,3,1,97.38,3,88
1,3,7,1,4,2,0,2,1,7,5,1,1,84.48,1,23
1,5,4,2,2,2,0,2,1,3,5,3,1,47.51,4,57
1,1,8,4,4,1,2,2,1,7,2,2,2,0,4,54
1,5,8,2,4,2,0,2,2,4,5,3,1,34.34,4,51
1,5,4,3,5,1,2,1,2,1,4,2,1,69.22,3,72
1,1,9,3,3,2,0,1,1,7,5,3,2,0,2,51
1,2,3,1,4,2,0,2,2,7,5,1,2,0,1,15
2,1,3,3,2,1,1,1,1,6,1,3,1,84.94,1,19
1,3,3,1,1,1,3,1,1,4,2,3,1,87.51,4,51
1,1,4,3,1,2,0,1,2,2,5,1,1,14.32,2,53
1,5,8,2,5,1,2,1,2,2,4,3,1,84.45,4,52
2,1,3,4,5,2,0,1,1,4,1,1,1,99.39,2,30
2,3,7,2,2,1,4,1,1,7,1,3,1,92.95,2,49
1,2,7,2,3,1,4,1,1,7,4,1,1,87.48,3,87
1,4,9,4,5,2,0,1,2,2,4,2,1,66.26,3,82
2,3,8,2,1,2,0,2,2,3,4,2,2,0,4,56
2,6,4,1,3,1,1,1,1,6,2,3,1,46.37,1,7
2,2,1,1,5,2,0,1,1,7,4,1,2,0,3,68
1,4,4,1,4,2,0,2,2,4,1,3,2,0,1,27
1,5,4,1,4,2,0,2,1,1,4,1,2,0,1,31
1,6,4,3,1,2,0,1,2,7,5,2,2,0,1,25
1,4,6,4,5,1,4,1,2,5,4,2,1,32.81,2,34
2,5,3,1,4,2,0,1,1,1,5,1,1,63.61,2,44
2,1,8,3,4,2,0,1,2,2,2,3,2,0,2,44
2,1,4,2,3,2,0,1,2,3,2,3,2,0,2,41
2,5,3,2,3,2,0,2,2,2,3,1,2,0,2,37
2,1,3,2,3,2,0,1,1,6,1,1,2,0,4,60
2,5,1,2,2,1,2,2,1,4,2,1,1,42.7,2,46
2,3,4,4,3,1,2,1,2,4,4,2,1,65.73,3,74
1,5,7,1,3,2,0,2,1,5,4,3,1,93.52,2,31
2,3,9,3,4,2,0,1,1,3,2,2,1,57.92,2,35
1,6,9,4,1,2,0,1,1,6,2,3,1,54.77,2,45
2,4,7,4,3,2,0,1,2,7,1,1,1,93.59,2,44
1,4,6,1,3,1,3,2,2,6,4,2,1,34.7,1,30
2,4,9,3,3,1,1,1,2,5,1,1,2,0,3,81
1,4,4,1,1,2,0,1,2,5,3,3,2,0,3,74
2,1,8,1,3,1,1,1,1,2,1,1,2,0,1,22
1,5,8,2,5,2,0,1,1,3,1,1,2,0,3,75
1,6,7,4,1,2,0,1,2,3,4,2,2,0,1,14
1,5,4,3,5,2,0,1,2,3,2,3,1,29.47,3,90
1,1,7,2,5,2,0,2,1,7,2,1,2,0,2,46
2,5,7,2,5,2,0,1,2,6,5,3,2,0,2,54
2,1,6,2,4,2,0,1,1,2,5,1,1,94.6,2,39
2,4,1,3,5,2,0,2,1,4,5,1,2,0,2,50
2,5,7,2,2,2,0,2,1,2,2,3,1,24.95,2,48
2,1,4,2,4,1,2,2,1,5,1,2,2,0,2,40
2,4,2,3,2,1,2,1,2,7,1,1,1,31.27,1,9
2,2,8,3,2,2,0,2,1,7,5,2,1,71.29,3,85
1,5,3,3,4,1,4,2,2,4,3,2,2,0,4,66
2,6,8,4,3,1,4,1,2,1,3,1,1,21.72,4,61
1,3,4,2,2,1,4,2,1,1,3,1,2,0,2,35
2,5,2,2,3,1,3,1,1,5,3,1,1,55.52,2,52
2,2,8,4,3,2,0,2,2,7,5,2,2,0,2,50
2,5,4,3,3,1,4,1,2,7,2,1,2,0,4,50
1,6,1,3,5,2,0,1,2,6,2,2,2,0,1,24
1,3,9,4,1,1,3,1,2,4,3,3,2,0,4,66
2,2,6,1,4,1,2,2,1,3,5,1,2,0,3,70
1,5,1,4,1,1,1,2,2,6,2,2,1,69.71,3,68
1,3,6,2,2,2,0,1,2,3,4,3,1,25.43,2,50
1,5,4,4,4,1,2,2,1,5,5,3,2,0,1,28
1,1,9,3,1,2,0,2,1,4,2,2,1,70.41,2,43
2,6,7,2,5,2,0,2,1,5,5,2,1,96.75,3,75
2,4,7,4,4,2,0,1,1,1,2,2,2,0,3,68
1,1,1,1,5,2,0,2,1,2,2,2,2,0,3,75
1,2,2,4,2,2,0,1,2,2,5,2,2,0,1,16
2,3,1,1,5,2,0,2,1,7,4,1,2,0,1,28
1,3,2,1,2,2,0,1,1,2,1,3,1,64.93,4,65
