Gender,AgeCategory,IncomeCat,Vicinity,TimeBrowse,RepeatCust,NoVisits,Sample,Tour,WeekDay,TimeofDay,WinePref,Purchase,Amount
2,4,2,1,1,2,0,1,2,6,1,1,2,24.65
2,3,6,2,2,1,1,2,2,6,4,3,1,43.46
1,4,4,2,3,2,0,1,1,2,5,2,2,0
1,4,8,2,3,1,1,1,2,6,2,2,2,0
2,5,6,2,5,1,1,2,2,4,2,1,1,91.82
1,3,4,2,2,1,2,1,1,7,1,3,2,0
2,4,6,2,5,2,0,2,1,4,5,1,1,45.08
2,1,6,4,3,2,0,2,1,1,4,2,1,24.65
1,3,1,2,3,2,0,2,2,5,3,3,2,0
1,6,3,3,3,1,4,2,1,2,1,3,2,0
2,5,3,4,2,1,4,1,1,3,5,1,1,74.49
2,6,8,3,1,2,0,1,2,6,5,2,1,57.31
1,4,2,3,3,2,0,2,2,6,3,1,2,0
2,1,7,4,1,2,0,2,2,1,1,3,1,26.06
1,2,6,4,2,1,1,1,2,6,5,2,2,0
2,3,2,1,4,2,0,1,2,7,1,3,1,24.65
1,3,7,4,4,1,1,1,2,7,4,1,2,0
1,2,5,2,5,2,0,2,1,1,4,2,2,0
2,3,9,4,3,2,0,2,2,4,3,1,1,46.96
2,5,9,4,3,2,0,2,1,6,4,3,1,86.74
1,6,5,2,2,2,0,1,1,6,2,1,2,0
1,3,6,1,4,2,0,1,2,5,4,2,2,0
1,4,4,2,1,1,2,2,1,7,2,3,2,0
1,1,3,4,3,1,2,2,1,7,1,3,2,0
2,2,2,3,5,1,1,1,2,5,1,2,1,50.68
2,5,2,4,1,2,0,2,2,1,5,1,1,24.65
1,4,8,1,3,2,0,1,2,2,1,3,2,0
1,3,4,4,1,2,0,1,2,6,4,2,2,0
1,5,6,3,2,1,1,2,2,3,1,2,2,0
1,1,3,3,2,2,0,1,1,5,4,3,2,0
2,5,1,4,4,2,0,1,2,7,5,2,1,59.67
2,3,7,3,5,2,0,1,1,7,2,2,1,60.2
2,3,2,3,3,2,0,2,2,1,4,2,1,93.34
1,6,5,1,5,1,4,1,1,1,3,1,2,0
2,6,6,1,4,2,0,1,1,6,4,2,1,24.65
2,3,5,4,4,2,0,1,1,5,2,2,1,24.65
2,6,7,2,5,2,0,1,1,1,1,3,1,75.88
2,5,5,1,3,2,0,1,2,2,3,1,1,24.65
1,6,1,1,5,2,0,2,1,6,1,3,2,0
1,1,1,3,3,2,0,1,2,7,4,2,2,0
2,4,9,3,4,2,0,2,1,1,4,3,1,24.65
1,4,1,1,4,2,0,2,2,3,5,1,2,0
1,5,9,4,4,2,0,1,1,6,1,2,2,0
2,2,5,2,3,1,1,1,2,1,3,1,1,22.03
1,4,6,2,4,2,0,2,1,1,2,3,2,0
1,1,9,2,5,2,0,1,2,1,1,1,2,0
2,5,3,2,5,2,0,2,1,6,2,3,1,24.65
2,2,8,1,1,2,0,1,2,2,4,2,1,24.65
2,3,7,4,4,2,0,1,1,2,2,1,1,24.65
1,1,7,4,1,2,0,2,1,1,4,1,2,0
1,3,8,3,2,2,0,1,2,6,4,3,2,0
2,3,8,2,4,2,0,1,2,5,2,2,1,78.86
2,5,1,4,2,2,0,2,1,4,3,1,1,23.7
2,2,9,4,2,2,0,1,2,5,2,2,1,24.65
1,4,8,4,5,2,0,2,2,5,3,2,2,0
2,6,5,1,2,1,4,2,2,5,2,3,1,24.65
2,1,1,4,4,1,3,2,1,1,3,3,1,24.65
1,6,6,3,1,1,3,2,1,1,1,2,2,0
2,1,9,1,2,2,0,1,1,7,3,3,1,86.33
2,6,7,3,3,1,1,1,1,4,3,1,1,24.65
2,4,4,2,5,1,3,2,1,3,3,2,1,24.65
2,2,3,1,1,2,0,1,2,5,2,1,1,24.65
2,1,1,4,2,1,3,1,2,5,1,3,1,24.65
1,2,8,2,1,2,0,1,2,5,1,3,2,0
2,1,6,4,1,2,0,1,1,4,4,1,1,17.78
2,5,4,2,1,1,4,2,1,2,5,3,1,24.65
1,3,1,1,1,1,1,2,2,2,1,3,2,0
2,6,5,1,1,1,1,1,2,1,3,1,1,80.62
2,6,9,4,1,2,0,2,1,2,1,3,1,31.42
2,2,8,1,4,2,0,2,2,6,5,1,1,90.44
1,3,9,3,4,2,0,1,1,4,3,1,2,0
2,6,4,2,3,2,0,2,1,6,2,3,1,54.46
1,3,5,1,5,1,3,2,1,4,5,2,2,0
2,4,8,4,2,2,0,1,2,1,5,2,1,24.65
1,2,6,3,4,1,2,1,1,3,5,2,2,0
1,6,8,4,5,1,1,2,2,4,2,1,2,0
1,2,1,1,5,2,0,1,2,6,4,3,2,0
1,6,5,4,1,1,1,1,2,7,4,2,2,0
1,2,8,2,4,1,3,1,1,3,2,1,2,0
1,5,5,4,4,2,0,2,1,2,2,3,2,0
1,3,5,3,5,1,3,2,1,5,4,2,2,0
2,3,5,4,2,2,0,1,1,2,3,3,1,40.37
2,5,9,1,1,1,4,2,1,4,3,1,1,24.65
2,6,1,4,2,2,0,2,1,3,4,2,1,65.66
2,4,5,1,5,2,0,1,2,5,1,1,1,74.67
1,5,6,3,4,1,4,2,2,1,2,1,2,0
2,2,1,2,2,2,0,1,2,3,2,3,1,18.44
2,2,9,1,4,2,0,1,2,1,1,3,1,24.65
1,6,4,4,1,2,0,2,1,4,2,1,2,0
1,6,9,4,1,1,4,2,2,2,1,1,2,0
1,5,1,4,5,2,0,2,1,3,5,3,2,0
2,5,3,2,5,1,4,2,1,3,1,1,1,24.65
2,3,2,1,5,2,0,2,1,2,4,2,1,85.09
1,6,9,3,1,1,1,2,1,4,3,3,2,0
2,5,7,2,2,1,3,1,2,4,4,1,1,68.91
1,4,7,1,1,2,0,1,2,4,3,1,2,0
1,5,9,1,1,1,3,2,1,5,5,2,2,0
2,4,1,1,5,1,2,1,2,1,3,2,1,42.31
1,3,7,4,1,2,0,1,2,6,4,2,2,0
1,3,1,1,4,1,4,2,1,7,1,1,2,0
1,6,2,3,1,2,0,2,1,1,3,2,2,0
1,2,8,4,3,1,4,1,1,6,5,2,2,0
2,3,9,1,1,1,2,1,2,7,5,1,1,24.65
1,6,1,3,3,1,4,2,1,4,2,1,2,0
1,5,9,4,1,2,0,2,1,6,5,1,2,0
2,6,6,3,1,2,0,2,1,1,3,2,1,24.65
2,5,9,1,1,2,0,1,1,2,1,1,1,61.53
2,1,2,2,3,2,0,1,1,5,5,2,1,24.65
2,5,3,3,5,2,0,2,2,5,3,2,1,24.65
1,1,2,3,4,1,4,1,2,6,3,3,2,0
2,6,2,3,4,1,4,2,2,7,3,1,1,24.65
1,1,2,4,1,1,3,2,1,3,1,2,2,0
1,3,3,3,2,2,0,2,1,6,2,1,2,0
1,3,1,3,4,1,2,2,2,7,5,3,2,0
2,4,8,1,1,2,0,2,2,6,4,3,1,24.65
2,5,3,2,2,1,3,2,1,5,4,1,1,83.19
2,6,8,3,4,1,4,2,1,6,4,1,1,59.68
1,4,9,4,1,1,1,1,1,5,1,3,2,0
1,2,9,4,3,2,0,2,2,1,2,3,2,0
2,5,4,2,2,1,3,1,1,1,5,2,1,28.85
2,4,2,4,3,2,0,1,2,7,1,2,1,55.2
2,2,2,1,1,1,4,2,2,2,2,2,1,24.65
2,5,6,3,4,2,0,2,1,1,3,3,1,24.47
1,5,4,4,3,1,1,2,2,5,3,1,2,0
2,1,1,2,1,2,0,1,1,3,4,1,1,24.65
2,1,2,2,2,1,4,1,1,3,2,3,1,24.65
1,4,2,2,1,1,3,2,2,1,5,1,2,0
1,5,6,2,1,2,0,2,2,3,3,2,2,0
1,5,5,1,3,2,0,1,2,5,1,3,2,0
1,2,1,1,4,1,3,1,1,5,3,3,2,0
1,5,9,2,1,1,1,2,1,4,2,2,2,0
2,5,2,4,2,2,0,2,1,3,2,3,1,59.89
1,2,1,3,5,2,0,1,2,2,5,2,2,0
2,3,2,4,2,1,3,1,2,7,5,3,1,24.65
2,3,8,2,5,1,4,1,1,1,5,1,1,12.94
2,3,4,2,4,2,0,1,1,5,5,1,1,38.85
2,4,6,2,5,2,0,2,2,4,1,2,1,24.65
1,6,5,2,1,2,0,1,1,4,5,3,2,0
2,1,1,2,4,2,0,2,1,7,4,3,1,63.46
1,2,8,1,4,2,0,1,2,6,2,3,2,0
2,1,1,2,1,2,0,2,2,4,2,1,1,24.65
1,3,2,3,4,1,3,1,2,2,5,3,2,0
2,3,1,3,4,1,4,2,2,6,4,1,1,24.65
1,5,4,2,1,1,2,2,1,6,4,2,2,0
1,6,8,2,3,2,0,2,2,3,3,1,2,0
2,5,4,1,5,2,0,1,1,4,1,3,1,77.2
1,1,4,4,4,1,1,1,1,5,3,1,2,0
2,2,9,3,5,1,4,1,1,6,2,1,1,50.69
2,1,4,3,2,2,0,1,1,5,2,1,1,10.87
1,4,1,3,5,1,1,1,1,7,3,3,2,0
2,4,9,3,5,1,4,2,1,4,1,2,1,74.3
1,4,4,2,2,1,3,2,1,1,2,1,2,0
1,3,8,4,5,2,0,2,2,4,3,2,2,0
1,5,6,2,3,2,0,2,1,1,3,3,2,0
2,6,1,3,2,2,0,1,1,1,1,3,1,12.84
1,4,4,3,5,1,3,2,1,3,1,1,2,0
2,5,4,2,3,2,0,2,2,3,1,3,1,24.65
1,3,6,1,4,1,4,1,1,7,1,1,2,0
1,2,9,2,5,1,1,1,2,6,5,2,2,0
1,1,9,2,4,2,0,2,2,5,4,3,2,0
2,2,8,2,1,2,0,1,1,2,4,3,1,24.65
1,5,4,4,4,1,2,1,1,4,3,3,2,0
1,3,4,4,3,1,1,2,1,3,1,2,2,0
2,4,9,4,3,2,0,1,2,5,2,1,1,17.52
1,6,8,4,2,1,3,2,1,4,2,3,2,0
2,6,4,3,5,2,0,1,1,6,3,1,1,24.65
2,2,7,2,3,1,1,1,2,5,4,3,1,24.65
2,6,6,2,4,1,1,1,1,2,2,3,1,52.34
2,2,5,2,1,1,1,2,1,6,1,2,1,59.88
2,6,1,1,4,1,3,2,1,1,5,2,1,24.65
2,6,4,2,4,1,2,1,2,3,2,1,1,51.36
1,5,3,2,5,2,0,2,1,4,4,3,2,0
1,5,1,2,3,2,0,1,2,7,5,3,2,0
2,6,2,2,4,1,4,1,1,5,5,2,1,24.65
1,5,2,2,2,2,0,2,1,4,2,1,2,0
1,2,5,3,5,2,0,1,2,6,3,1,2,0
1,1,4,2,3,1,1,2,2,2,2,3,2,0
2,1,8,3,5,2,0,1,1,3,3,2,1,51.77
1,5,8,3,4,1,4,2,2,4,2,3,2,0
1,4,4,1,1,1,1,2,1,3,5,3,2,0
2,3,1,2,1,2,0,1,2,3,1,3,1,24.65
2,6,8,3,3,2,0,1,1,4,4,3,1,24.65
2,6,7,3,4,2,0,1,2,5,4,2,1,24.65
1,6,2,2,3,1,1,1,1,7,4,2,2,0
1,4,1,2,2,2,0,2,1,7,1,2,2,0
1,3,9,1,4,1,2,1,2,6,4,2,2,0
1,6,3,4,1,2,0,2,2,5,5,3,2,0
2,5,9,3,5,1,4,2,2,4,3,1,1,41.48
1,3,9,2,2,1,3,1,1,6,5,3,2,0
2,6,2,1,1,2,0,1,2,1,5,3,1,92.11
1,1,5,1,4,2,0,2,2,7,5,3,2,0
2,4,2,3,1,2,0,2,2,4,5,2,1,24.65
2,5,3,4,1,1,1,1,2,7,4,1,1,16.71
1,1,5,2,4,2,0,2,1,2,5,2,2,0
2,4,1,1,1,2,0,2,2,3,2,3,1,24.65
1,3,7,1,4,1,4,2,1,1,2,1,2,0
1,6,5,1,2,1,1,1,1,7,4,3,2,0
2,4,8,3,3,2,0,1,1,1,4,3,1,31.97
2,2,9,3,4,1,3,2,2,6,4,3,1,46.67
2,5,1,2,5,2,0,1,1,2,1,2,1,24.65
1,3,4,1,2,1,3,1,1,4,5,2,2,0
1,3,1,4,4,1,1,1,1,5,4,2,2,0
1,3,8,1,2,2,0,2,1,7,5,1,2,0
1,3,1,4,1,2,0,2,2,6,5,2,2,0
1,5,7,2,5,1,2,2,1,7,3,2,2,0
1,4,9,2,3,2,0,1,1,5,2,2,2,0
2,4,1,2,1,1,2,2,1,2,1,1,1,24.65
1,3,2,4,1,1,3,1,1,3,4,1,2,0
1,4,5,1,2,1,3,1,2,5,1,3,2,0
2,1,2,2,4,1,1,2,2,5,5,2,1,28.4
2,1,4,4,3,1,4,1,1,6,3,2,1,24.65
2,5,9,1,5,1,2,2,2,4,4,3,1,95.93
2,3,3,2,1,1,3,2,1,1,1,2,1,24.65
1,1,8,2,1,2,0,1,2,1,3,1,2,0
2,5,4,2,4,1,3,1,1,3,3,1,1,24.65
2,3,4,2,2,1,2,1,2,1,3,3,1,24.65
1,3,6,4,3,2,0,1,2,6,1,2,2,0
2,4,3,2,3,2,0,2,2,2,3,1,1,55.65
1,2,8,2,2,1,2,2,2,1,5,1,2,0
2,2,3,4,1,2,0,1,1,1,5,2,1,57.25
1,3,9,2,2,1,4,1,1,3,5,3,2,0
2,3,5,4,5,2,0,2,2,1,3,2,1,26.89
1,5,8,3,3,1,3,2,2,6,5,1,2,0
2,4,7,1,2,2,0,1,1,2,3,3,1,42.44
2,2,4,2,2,1,3,2,2,6,4,1,1,24.65
2,6,3,1,3,1,2,2,1,1,2,1,1,24.65
1,4,3,1,3,1,1,1,2,7,3,2,2,0
1,5,8,1,4,2,0,1,1,7,2,3,2,0
2,5,4,4,5,1,1,2,1,7,1,1,1,24.65
1,4,8,2,3,1,4,2,1,1,5,3,2,0
1,5,8,2,4,2,0,2,2,3,2,2,2,0
2,3,8,2,1,1,4,1,2,5,1,1,1,95.92
2,6,8,4,4,2,0,2,1,4,1,2,1,24.65
1,3,1,2,3,2,0,2,1,2,4,2,2,0
1,3,3,3,3,2,0,1,1,3,5,2,2,0
1,2,1,1,1,1,3,2,1,6,3,1,2,0
2,4,5,2,1,1,1,2,1,2,2,3,1,77.5
2,4,8,4,1,2,0,1,1,3,5,3,1,24.65
1,2,5,3,5,2,0,1,2,7,4,3,2,0
2,1,9,2,1,2,0,2,2,6,2,2,1,24.65
2,5,1,3,4,2,0,2,2,7,2,2,1,24.65
2,1,5,4,4,2,0,2,2,7,3,2,1,24.65
2,1,8,1,2,2,0,2,1,1,1,2,1,61.36
2,1,6,4,3,2,0,2,2,6,1,1,1,12.25
2,1,2,2,1,1,2,2,2,7,4,1,1,24.65
2,5,1,2,5,1,2,2,1,2,4,1,1,24.65
1,4,8,4,1,1,1,1,1,7,2,3,2,0
1,3,4,4,1,2,0,1,1,1,3,3,2,0
1,5,4,1,2,2,0,2,1,4,5,3,2,0
1,1,4,1,3,2,0,2,2,2,1,1,2,0
1,1,5,1,2,2,0,2,2,4,5,1,2,0
1,3,2,3,1,1,4,2,1,2,4,2,2,0
1,4,7,3,5,1,2,1,2,2,5,1,2,0
1,3,8,3,3,2,0,1,1,7,4,2,2,0
2,1,2,4,1,2,0,2,2,7,5,2,1,77.12
2,1,2,2,4,1,2,1,2,6,5,3,1,24.65
1,5,9,4,5,2,0,2,1,2,4,2,2,0
2,2,1,3,5,2,0,1,1,4,4,3,1,20.33
1,6,3,1,2,2,0,2,1,4,5,3,2,0
2,1,4,2,1,2,0,1,1,1,5,3,1,72.92
1,3,1,2,3,1,3,1,1,3,4,2,2,0
2,5,1,4,3,2,0,2,1,5,1,2,1,36.62
2,3,3,3,3,1,3,1,2,1,4,3,1,24.65
1,3,7,1,4,2,0,1,2,6,2,1,2,0
2,2,5,3,5,1,4,2,2,2,3,1,1,24.65
1,1,4,4,5,2,0,2,1,5,3,3,2,0
2,5,4,1,2,1,2,1,1,2,2,2,1,39.35
2,1,4,2,4,2,0,2,1,1,2,3,1,24.65
2,4,4,3,5,2,0,2,1,2,5,1,1,85.42
1,3,5,2,3,2,0,2,2,5,2,3,2,0
2,2,4,4,3,1,3,2,2,2,1,1,1,26.31
1,1,5,4,1,1,2,1,1,4,4,2,2,0
1,5,5,4,5,2,0,1,1,1,5,1,2,0
2,2,4,2,2,1,3,1,1,4,5,3,1,24.65
2,5,4,4,2,1,1,2,1,4,1,3,1,24.65
1,6,8,1,4,2,0,2,2,6,4,2,2,0
1,4,4,2,5,1,3,1,1,1,4,1,2,0
1,6,9,3,3,2,0,2,1,4,5,2,2,0
1,4,6,2,2,1,3,2,2,1,2,1,2,0
2,4,5,4,2,1,2,1,2,5,3,2,1,60.41
1,4,6,4,2,1,3,1,2,2,5,2,2,0
2,5,4,3,5,2,0,1,2,5,2,1,1,24.65
1,3,4,3,2,2,0,1,2,4,5,3,2,0
2,4,3,4,1,1,3,2,1,7,4,3,1,24.65
1,1,5,4,2,1,4,2,1,4,3,1,2,0
1,4,3,4,1,2,0,2,1,5,5,1,2,0
1,4,4,4,4,2,0,1,2,2,2,3,2,0
1,4,4,2,4,2,0,1,1,5,3,3,2,0
2,2,6,1,3,2,0,2,1,2,3,1,1,24.65
2,1,6,2,4,1,3,2,2,1,5,1,1,27.35
1,1,2,2,2,2,0,1,2,7,4,1,2,0
2,1,1,3,3,1,3,2,1,2,1,2,1,18.55
2,1,3,3,2,1,4,1,1,4,1,1,1,24.65
1,3,7,1,2,1,2,2,2,1,2,1,2,0
2,5,4,2,3,1,1,2,1,3,3,1,1,24.65
1,1,4,3,3,2,0,2,1,7,4,1,2,0
1,1,7,4,3,1,1,1,2,4,2,3,2,0
1,1,5,2,1,1,1,1,1,5,4,1,2,0
2,5,3,3,1,1,2,1,2,7,5,1,1,24.65
2,2,7,2,1,2,0,2,2,2,4,3,1,24.65
1,2,1,2,4,2,0,2,1,1,1,3,2,0
1,4,2,1,1,2,0,2,2,4,4,2,2,0
1,5,8,4,1,2,0,2,2,1,4,3,2,0
1,5,9,2,5,2,0,1,2,7,2,3,2,0
1,6,2,2,2,2,0,2,2,3,4,2,2,0
1,3,8,1,1,2,0,1,1,6,3,1,2,0
1,2,3,2,2,2,0,1,1,3,4,1,2,0
2,3,2,4,4,2,0,2,1,4,3,3,1,24.65
1,2,1,4,2,2,0,1,1,1,1,1,2,0
2,2,9,2,4,2,0,1,2,3,5,2,1,24.65
2,6,6,3,5,2,0,2,1,1,1,1,1,24.65
1,6,2,1,4,2,0,1,2,7,3,3,2,0
1,1,7,3,5,1,1,2,1,6,4,2,2,0
2,6,2,2,4,1,3,2,1,6,2,2,1,24.65
2,6,7,2,5,2,0,2,2,5,1,3,1,11.14
1,5,3,2,3,1,4,2,1,1,3,3,2,0
2,4,4,4,1,2,0,2,2,5,3,1,1,51.58
1,1,5,4,3,2,0,1,2,6,2,2,2,0
1,3,5,2,1,1,2,2,2,5,1,1,2,0
1,1,5,4,4,2,0,1,2,2,5,2,2,0
2,5,7,1,4,2,0,2,2,5,1,1,1,21.27
2,5,8,1,2,2,0,2,1,2,3,1,1,24.65
1,5,5,3,3,1,4,1,1,4,1,3,2,0
1,3,9,3,4,2,0,2,2,5,3,3,2,0
1,4,2,1,2,2,0,1,1,5,1,1,2,0
1,1,2,4,4,2,0,1,2,4,2,3,2,0
2,5,2,4,1,1,2,2,1,7,2,1,1,94.01
2,4,5,2,3,1,1,1,2,5,5,1,1,21.05
1,4,7,3,3,2,0,1,2,5,1,1,2,0
1,3,3,1,3,2,0,2,2,5,5,3,2,0
2,4,7,3,4,2,0,1,2,2,1,3,1,24.65
1,1,7,2,3,2,0,1,1,4,3,2,2,0
2,2,4,4,2,1,2,1,2,7,5,1,1,80.47
2,1,8,3,1,2,0,2,1,3,2,2,1,24.65
2,2,5,4,3,2,0,1,2,2,1,2,1,24.65
1,3,5,3,3,1,2,1,1,4,3,3,2,0
2,6,3,1,2,1,3,2,2,2,4,3,1,80.95
1,6,1,2,2,1,4,2,2,1,4,3,2,0
2,2,9,4,2,1,2,1,1,1,5,1,1,24.65
2,4,7,3,4,1,2,1,2,4,2,3,1,37.62
2,5,8,3,1,2,0,2,2,2,5,1,1,24.65
1,2,3,4,3,1,1,1,2,5,5,3,2,0
2,5,7,1,5,2,0,2,1,3,5,2,1,24.65
1,3,8,4,2,2,0,2,2,2,1,2,2,0
2,3,2,4,4,1,1,1,1,1,3,1,1,58.64
2,5,6,3,1,2,0,1,1,3,3,3,1,24.65
1,1,1,2,4,2,0,1,2,3,2,1,2,0
2,6,9,1,4,1,1,1,2,2,5,1,1,65.17
2,2,8,1,1,1,1,1,2,6,2,1,1,24.65
2,5,2,4,1,1,3,2,2,5,4,3,1,24.65
2,3,3,2,3,2,0,2,1,1,2,1,1,14.38
2,4,1,2,4,2,0,1,2,5,1,2,1,50.03
1,6,4,2,5,1,4,1,1,6,3,3,2,0
2,2,9,1,2,2,0,2,2,2,1,3,1,24.65
1,4,3,4,4,2,0,1,2,1,1,2,2,0
2,1,3,2,5,2,0,1,1,3,5,3,1,39.67
1,1,8,2,1,2,0,2,1,1,2,2,2,0
1,4,1,2,4,1,3,1,1,4,1,1,2,0
2,2,8,4,2,1,2,1,1,3,2,1,1,70.95
2,3,9,1,3,2,0,2,2,6,4,3,1,62.6
1,2,4,3,3,1,3,1,2,2,2,3,2,0
1,6,5,4,1,2,0,2,2,4,2,1,2,0
2,1,4,1,1,2,0,1,1,1,3,2,1,57.48
1,3,7,3,3,1,3,2,2,7,2,1,2,0
2,5,8,2,2,1,4,2,2,5,2,3,1,83.12
2,3,9,4,3,2,0,1,1,4,4,1,1,24.65
1,5,2,2,4,2,0,1,2,5,2,3,2,0
1,5,6,2,1,1,3,2,1,2,3,3,2,0
1,2,3,4,5,2,0,1,1,1,3,2,2,0
1,2,1,4,1,2,0,2,1,7,2,2,2,0
1,4,1,1,3,2,0,1,1,6,5,3,2,0
1,5,4,1,5,2,0,2,2,6,1,2,2,0
2,2,1,3,5,1,1,1,1,2,4,3,1,24.65
2,2,4,1,5,2,0,1,2,6,1,2,1,24.65
1,3,6,2,1,1,2,1,2,7,4,3,2,0
1,4,8,4,4,2,0,2,1,6,3,2,2,0
1,2,7,4,1,1,4,2,2,5,2,3,2,0
1,5,6,3,4,2,0,2,1,4,2,3,2,0
2,2,5,4,1,1,2,1,2,5,3,1,1,24.65
1,3,7,2,2,1,2,1,1,3,3,3,2,0
2,6,1,3,5,2,0,1,1,7,5,1,1,76.7
1,5,7,4,5,2,0,1,2,2,1,2,2,0
1,4,1,4,4,1,4,1,1,7,1,3,2,0
1,5,3,4,3,2,0,1,2,3,4,3,2,0
1,2,9,4,1,2,0,2,2,5,2,2,2,0
1,2,6,3,3,1,4,2,1,2,1,2,2,0
2,4,8,2,1,1,1,1,2,4,2,2,1,24.65
1,3,3,2,1,1,4,2,2,2,5,1,2,0
2,1,1,2,5,1,1,2,1,5,2,3,1,24.65
2,3,7,4,4,1,1,1,1,3,5,3,1,24.65
2,4,3,3,4,2,0,1,1,3,5,3,1,65.27
1,2,2,1,1,1,1,2,1,6,2,2,2,0
1,6,5,1,3,1,3,1,2,2,5,1,2,0
2,5,5,2,2,2,0,2,1,2,1,3,1,65.94
2,4,5,1,1,1,2,1,2,2,1,2,1,24.65
1,2,9,1,1,2,0,2,1,2,2,2,2,0
1,6,6,3,2,2,0,2,1,6,2,2,2,0
2,6,9,2,4,1,2,1,2,5,3,1,1,24.65
2,3,5,1,4,2,0,2,1,1,1,2,1,81.14
2,5,6,2,1,1,1,2,2,4,1,3,1,15.12
1,4,6,3,4,2,0,2,2,7,1,2,2,0
2,6,6,2,5,1,2,2,2,7,2,2,1,24.65
2,3,3,1,4,1,2,2,1,1,2,1,1,24.65
1,1,5,4,1,1,3,2,1,6,2,3,2,0
1,6,6,1,4,2,0,2,1,7,2,1,2,0
2,6,4,4,2,1,2,1,2,2,5,3,1,68
1,5,9,4,1,2,0,1,2,3,1,1,2,0
1,2,9,3,5,2,0,1,2,2,5,2,2,0
1,2,9,3,3,2,0,2,2,3,4,1,2,0
2,3,2,4,2,2,0,1,1,4,2,1,1,41.75
1,5,4,2,2,2,0,1,1,2,5,1,2,0
1,1,5,3,1,2,0,2,1,5,4,1,2,0
2,4,4,3,4,1,2,1,1,4,5,3,1,10.87
2,4,9,3,2,2,0,2,1,1,2,2,1,53.52
1,3,9,2,3,1,4,2,2,3,2,2,2,0
2,5,2,2,2,1,1,1,1,3,4,3,1,97.7
1,4,1,2,5,1,2,1,1,5,1,1,2,0
2,5,6,3,4,1,4,2,2,5,3,3,1,23.59
2,2,1,4,4,2,0,2,2,2,1,3,1,24.65
1,3,5,1,1,2,0,1,2,6,2,3,2,0
2,1,8,4,2,2,0,1,1,1,5,2,1,94.96
2,4,7,1,2,2,0,1,2,4,4,1,1,47.22
1,6,4,3,1,2,0,1,2,4,2,2,2,0
2,5,1,1,2,1,4,1,2,2,5,2,1,65.94
2,2,9,3,5,1,1,2,2,5,1,1,1,24.65
2,1,9,1,5,2,0,2,2,1,2,2,1,90.38
1,5,3,2,2,2,0,1,2,5,2,2,2,0
2,3,1,2,5,2,0,1,1,2,5,2,1,24.65
1,2,7,1,2,2,0,1,2,4,1,3,2,0
2,2,8,3,3,2,0,1,2,4,4,1,1,69.39
1,1,1,3,3,1,4,1,1,1,4,2,2,0
1,6,9,2,3,2,0,1,2,5,3,2,2,0
1,1,2,2,5,2,0,2,1,1,2,1,2,0
2,4,3,1,5,2,0,1,2,4,4,3,1,54.75
1,1,5,2,3,2,0,2,2,2,1,1,2,0
2,2,6,2,4,1,1,1,2,7,3,2,1,24.65
1,5,2,1,5,2,0,2,2,6,2,2,2,0
2,6,2,3,5,1,2,2,2,7,3,3,1,99.81
2,3,9,4,2,2,0,1,1,1,5,1,1,20.49
1,4,8,3,5,1,3,2,2,2,1,3,2,0
2,5,6,3,5,1,3,2,1,3,2,2,1,24.65
1,4,9,2,5,2,0,1,1,4,4,1,2,0
2,2,7,4,3,1,3,2,2,4,4,2,1,24.65
2,1,7,1,4,1,3,2,2,6,3,1,1,82.17
1,4,3,2,5,1,1,2,1,2,3,3,2,0
1,5,8,3,4,1,1,1,2,6,1,1,2,0
1,3,6,3,5,1,2,2,1,6,3,2,2,0
1,2,8,1,2,1,4,1,2,3,2,3,2,0
2,3,1,1,1,1,2,2,1,4,4,3,1,24.97
1,1,3,4,1,2,0,2,2,6,4,2,2,0
1,4,7,3,4,2,0,1,2,6,4,1,2,0
1,2,7,4,4,1,4,2,1,3,4,1,2,0
1,6,1,3,1,2,0,1,1,3,2,1,2,0
2,4,2,1,4,1,3,1,1,3,3,2,1,40.39
2,5,9,1,4,2,0,1,1,3,3,2,1,24.65
2,3,4,1,3,1,4,2,1,1,4,3,1,24.65
2,6,3,2,1,2,0,1,1,2,3,2,1,24.65
2,1,1,2,3,2,0,1,2,6,1,3,1,24.65
2,2,2,1,2,2,0,2,1,1,1,1,1,24.65
2,2,8,2,3,1,1,2,2,3,3,1,1,61.15
1,6,9,1,5,2,0,2,1,2,2,1,2,0
1,4,2,4,3,2,0,1,1,2,2,2,2,0
1,4,2,3,3,1,2,2,2,6,1,1,2,0
1,3,9,4,2,2,0,2,1,2,2,2,2,0
1,3,2,3,5,2,0,2,1,2,4,3,2,0
2,1,4,1,5,1,3,2,2,2,5,2,1,54.79
1,3,9,4,2,1,1,2,1,7,2,2,2,0
1,1,4,3,4,2,0,1,2,4,2,1,2,0
1,1,8,2,3,1,3,2,2,2,3,2,2,0
2,5,5,2,5,2,0,1,1,1,3,3,1,24.65
1,1,4,1,5,1,3,2,1,3,5,1,2,0
2,1,9,3,1,1,1,2,1,5,4,2,1,24.65
1,5,2,1,2,1,4,2,2,6,3,1,2,0
2,2,9,4,5,2,0,1,1,5,5,2,1,24.65
1,5,9,4,2,1,2,1,2,6,4,1,2,0
1,4,7,2,4,1,2,1,2,7,2,1,2,0
1,4,8,1,2,2,0,1,1,4,4,1,2,0
2,2,5,2,2,2,0,2,1,7,5,1,1,24.65
2,4,4,2,2,1,2,1,2,2,4,2,1,24.65
2,3,5,4,5,1,1,2,1,1,4,3,1,38.61
2,5,7,3,3,1,1,2,2,6,4,1,1,24.65
1,5,8,1,4,2,0,1,2,4,5,2,2,0
1,2,2,1,4,2,0,2,2,6,1,3,2,0
1,2,8,1,4,2,0,2,1,3,2,1,2,0
1,2,6,1,4,2,0,2,1,1,4,2,2,0
2,6,8,3,1,2,0,1,1,7,2,1,1,24.65
1,4,3,4,2,1,3,2,2,6,2,1,2,0
1,6,5,1,2,2,0,1,1,1,4,1,2,0
2,2,7,4,1,1,3,2,2,2,5,1,1,24.65
2,4,9,4,5,2,0,1,1,1,2,3,1,31.52
1,5,9,2,2,1,3,2,2,3,3,1,2,0
2,3,9,4,4,2,0,2,2,4,5,1,1,24.65
2,5,8,3,1,1,3,2,1,5,5,1,1,44.12
1,6,3,1,1,2,0,1,2,2,1,2,2,0
2,1,3,3,3,1,4,1,1,2,2,2,1,24.65
1,2,1,3,3,1,2,2,2,4,3,2,2,0
1,3,5,3,2,2,0,2,1,2,2,3,2,0
2,4,5,1,5,2,0,1,1,7,5,3,1,99.08
2,2,3,3,3,2,0,2,1,5,1,1,1,69.96
1,1,8,3,5,2,0,1,1,5,1,1,2,0
2,6,7,1,4,1,1,2,1,1,3,2,1,24.65
1,3,5,2,1,1,4,2,1,6,5,3,2,0
1,5,4,3,2,2,0,2,2,6,4,3,2,0
2,6,6,3,5,1,2,1,1,1,4,1,1,24.65
1,5,6,1,2,1,4,2,1,7,1,3,2,0
1,1,9,2,2,2,0,1,2,3,2,3,2,0
1,1,2,3,3,1,2,1,1,5,2,2,2,0
1,3,4,4,3,1,2,2,2,2,1,3,2,0
1,6,4,4,4,2,0,2,2,3,2,3,2,0
1,5,3,1,3,2,0,2,2,2,5,3,2,0
2,5,6,1,2,2,0,2,1,1,3,3,1,14.56
1,6,3,1,1,2,0,2,1,2,1,1,2,0
1,6,9,3,5,2,0,2,2,4,1,2,2,0
1,2,6,1,4,2,0,1,1,5,2,3,2,0
1,2,8,2,3,2,0,1,2,5,1,2,2,0
1,3,4,4,4,1,3,2,2,3,5,3,2,0
2,5,7,1,1,2,0,1,2,1,1,2,1,24.65
2,6,5,3,5,1,2,1,2,1,2,1,1,24.65
2,1,1,2,2,1,2,1,2,2,5,3,1,73.36
2,1,5,4,5,1,1,1,2,2,2,2,1,30.64
2,6,3,4,2,1,3,1,1,5,5,1,1,24.65
2,6,5,2,3,1,4,1,2,1,4,2,1,28.93
1,4,8,1,5,2,0,2,1,7,1,2,2,0
1,5,8,3,4,1,2,2,2,5,1,3,2,0
2,2,2,2,2,2,0,2,2,7,2,1,1,24.65
1,1,4,1,2,2,0,2,1,6,1,1,2,0
2,3,7,2,5,2,0,2,1,2,1,2,1,24.65
2,4,8,4,4,1,3,2,1,7,2,1,1,24.65
1,6,4,3,2,2,0,2,1,5,5,2,2,0
2,4,4,4,5,2,0,2,1,4,5,2,1,91.77
1,4,4,4,2,1,1,2,2,2,1,1,2,0
2,3,7,4,4,1,2,2,2,5,1,3,1,98.76
2,1,3,4,2,2,0,2,2,6,4,1,1,19.41
1,6,7,4,4,2,0,1,2,6,5,2,2,0
2,5,2,1,4,1,1,2,2,4,3,2,1,94.21
2,2,1,1,5,2,0,2,1,4,4,3,1,44.22
1,1,9,4,2,2,0,2,1,4,3,3,2,0
1,5,3,3,2,2,0,2,1,2,1,1,2,0
1,2,9,2,1,2,0,1,2,2,5,1,2,0
2,5,4,3,2,1,1,1,2,5,3,3,1,24.65
1,1,6,4,5,2,0,2,1,4,1,3,2,0
1,6,3,3,2,2,0,2,1,5,2,1,2,0
2,5,6,1,2,1,4,1,1,2,1,2,1,11.03
2,6,9,1,2,1,2,2,1,2,4,3,1,39.59
2,5,3,4,3,2,0,2,2,6,5,3,1,24.65
2,2,2,3,3,1,2,2,1,3,5,1,1,13.77
1,2,6,4,1,1,3,2,2,5,5,1,2,0
1,6,5,3,3,2,0,2,2,6,3,3,2,0
2,1,8,2,2,1,3,2,1,4,1,2,1,24.65
1,3,2,3,3,2,0,2,2,2,2,2,2,0
1,4,8,3,3,2,0,1,1,4,4,3,2,0
1,3,2,3,3,1,4,1,2,6,1,3,2,0
2,4,8,4,4,1,4,1,1,4,2,2,1,24.65
1,2,4,2,2,2,0,2,2,6,5,1,2,0
1,2,2,3,1,1,3,2,2,2,5,2,2,0
1,3,8,1,3,1,3,1,1,5,1,3,2,0
1,2,8,3,5,2,0,1,1,1,1,3,2,0
1,3,2,3,2,1,4,1,2,7,5,1,2,0
2,2,2,3,4,2,0,1,1,5,1,3,1,24.65
2,5,8,4,1,2,0,2,2,4,5,1,1,24.65
1,5,4,2,5,2,0,1,1,2,4,3,2,0
2,5,8,4,4,2,0,2,1,4,5,3,1,54.19
1,1,8,3,5,2,0,2,1,3,3,1,2,0
2,5,3,3,2,2,0,1,1,6,1,1,1,24.65
1,6,3,4,5,2,0,2,1,7,4,1,2,0
2,6,9,1,3,1,3,1,1,5,1,1,1,24.65
1,1,6,4,1,1,2,2,1,4,4,3,2,0
1,2,6,3,3,1,2,2,2,5,2,3,2,0
1,3,2,3,1,2,0,1,1,6,4,1,2,0
2,3,1,3,4,2,0,1,2,3,4,3,1,24.65
2,4,1,1,3,1,3,1,1,3,1,2,1,24.65
1,4,9,2,1,1,2,2,2,4,3,2,2,0
2,3,9,3,3,2,0,2,2,4,5,1,1,24.65
1,6,7,3,3,1,1,1,1,3,1,1,2,0
2,5,1,2,3,2,0,2,1,4,4,2,1,42.17
2,6,2,2,4,2,0,1,2,7,5,2,1,24.65
1,6,8,4,4,2,0,2,1,7,4,2,2,0
1,6,9,2,4,1,2,1,2,1,4,2,2,0
1,6,4,1,3,1,2,2,1,7,3,1,2,0
2,3,3,4,4,2,0,2,1,4,4,2,1,24.65
1,5,2,2,3,1,4,2,1,7,4,3,2,0
1,4,2,3,3,2,0,1,2,7,5,1,2,0
2,6,8,4,4,1,4,1,2,1,2,3,1,24.65
1,4,6,3,2,2,0,1,1,5,1,3,2,0
1,5,9,3,2,1,2,1,1,3,5,3,2,0
1,6,6,3,5,2,0,1,1,5,4,3,2,0
2,4,5,3,1,1,3,1,1,4,1,2,1,99.1
2,6,7,4,5,2,0,2,2,2,3,2,1,63.25
2,1,5,4,4,1,4,1,1,7,1,3,1,10.03
1,5,4,4,2,2,0,2,2,7,1,2,2,0
2,4,4,3,4,1,1,1,2,1,3,3,1,23.34
2,1,1,4,4,1,3,1,1,3,1,2,1,24.65
2,6,6,3,2,1,3,2,1,1,5,3,1,21.84
1,2,6,4,4,1,1,1,1,6,3,2,2,0
2,1,5,3,5,1,3,2,1,2,2,2,1,24.65
1,4,8,2,2,2,0,2,2,4,1,3,2,0
2,6,2,1,1,1,4,1,1,7,1,1,1,24.65
1,6,2,2,2,1,4,1,1,5,1,3,2,0
1,4,4,1,1,2,0,2,2,2,4,2,2,0
1,4,2,2,4,1,4,1,1,1,4,3,2,0
1,4,8,1,5,1,2,2,2,1,3,3,2,0
1,4,4,4,1,1,2,2,1,4,2,3,2,0
1,2,8,2,5,1,2,1,1,5,2,1,2,0
2,4,5,1,5,1,4,1,2,5,1,2,1,84.89
2,2,8,1,1,2,0,2,1,7,4,3,1,58.64
2,1,4,1,4,2,0,1,1,2,5,1,1,24.65
2,6,9,4,5,1,2,2,1,3,5,2,1,48.25
1,3,8,2,3,2,0,1,1,2,4,2,2,0
2,3,2,1,2,2,0,1,2,1,5,3,1,24.65
1,6,8,1,2,2,0,2,1,5,4,3,2,0
1,4,6,2,1,1,2,1,2,4,2,3,2,0
1,1,1,3,4,2,0,1,1,5,1,3,2,0
1,2,9,2,4,2,0,2,2,5,3,3,2,0
1,1,8,1,1,1,1,2,2,2,4,1,2,0
2,4,2,4,4,1,3,1,2,5,5,3,1,95.04
2,1,6,3,2,1,2,1,1,7,2,3,1,43.93
2,6,5,3,3,1,3,1,1,5,4,3,1,49.96
1,2,8,2,5,1,1,2,2,7,3,3,2,0
2,3,5,1,5,2,0,1,2,2,1,3,1,58.69
2,1,2,4,4,2,0,1,2,5,2,3,1,24.65
1,6,5,1,4,1,1,1,2,4,2,2,2,0
2,2,4,4,1,1,2,1,1,6,4,1,1,27.04
2,6,5,3,3,1,3,2,2,5,4,1,1,40.54
1,1,2,1,2,1,2,1,2,1,4,3,2,0
2,2,5,2,1,1,2,1,1,7,5,2,1,62.68
2,1,1,1,4,2,0,2,2,2,4,2,1,24.65
2,1,7,3,1,2,0,1,1,5,3,3,1,74.59
1,4,5,4,2,1,3,1,1,3,5,2,2,0
2,4,2,2,4,2,0,2,1,2,4,3,1,24.65
2,5,1,4,4,2,0,1,2,7,3,3,1,35.6
1,3,2,2,3,1,4,1,2,5,4,3,2,0
1,5,5,1,2,1,3,2,2,6,5,3,2,0
1,3,6,3,2,2,0,1,2,2,5,2,2,0
2,1,2,3,4,1,2,1,1,1,2,3,1,39.77
1,6,2,4,4,1,2,2,1,2,4,2,2,0
1,2,2,3,3,1,2,2,2,3,3,2,2,0
2,6,6,2,4,1,3,2,1,2,5,2,1,54.73
2,4,5,1,5,1,1,2,2,4,5,1,1,24.65
1,2,8,2,5,1,2,2,1,4,5,2,2,0
2,2,3,3,3,1,2,2,2,2,2,1,1,77.13
2,4,4,1,4,1,3,2,2,5,1,3,1,24.65
2,4,8,1,3,1,1,2,2,1,1,1,1,24.65
1,2,8,1,4,2,0,1,2,4,2,3,2,0
2,1,6,1,1,1,3,2,2,1,2,2,1,19.88
1,2,6,1,5,2,0,2,2,6,4,1,2,0
1,6,2,2,3,2,0,1,1,6,1,2,2,0
2,1,1,2,2,1,1,2,1,4,5,3,1,12.33
2,3,1,4,2,2,0,2,1,5,5,2,1,43.63
2,5,7,4,3,1,4,1,1,1,5,2,1,24.65
1,4,1,1,3,1,4,2,1,7,1,3,2,0
1,5,4,3,3,2,0,1,2,5,4,2,2,0
1,2,4,4,3,2,0,1,1,2,5,3,2,0
2,1,5,2,2,2,0,2,2,6,2,1,1,24.65
2,6,6,1,1,1,3,1,2,4,2,1,1,78.58
1,3,5,4,2,1,3,1,2,4,3,2,2,0
1,1,3,2,1,1,3,2,1,4,2,3,2,0
1,5,7,3,5,2,0,2,1,3,5,3,2,0
2,2,7,4,2,2,0,2,2,1,1,2,1,24.65
2,1,9,2,5,1,3,1,2,3,4,3,1,42.81
2,5,1,3,4,1,2,2,2,1,4,1,1,21.55
2,3,9,1,2,1,3,2,2,6,1,3,1,35.82
1,1,9,1,4,2,0,2,2,2,4,2,2,0
1,3,8,3,4,1,1,1,2,7,4,2,2,0
1,5,2,1,1,1,3,2,1,5,2,2,2,0
1,6,3,1,1,1,1,1,1,6,1,2,2,0
1,1,7,3,3,2,0,1,2,2,1,1,2,0
1,1,3,4,3,1,2,1,1,2,1,2,2,0
2,6,7,4,1,1,1,2,1,6,1,1,1,24.65
2,5,9,2,5,1,3,2,1,3,3,3,1,79.11
1,4,6,3,1,2,0,2,2,5,2,2,2,0
1,4,1,3,2,2,0,2,2,1,2,3,2,0
1,2,5,4,3,2,0,1,2,5,3,1,2,0
1,5,7,2,1,1,1,2,2,1,4,2,2,0
2,5,9,4,4,1,3,1,2,3,2,2,1,67.08
1,6,8,3,5,1,1,1,1,5,3,1,2,0
2,5,6,2,3,1,1,2,1,5,3,3,1,24.65
1,1,3,4,2,2,0,2,1,2,3,3,2,0
1,5,6,2,4,1,2,1,2,6,3,1,2,0
2,3,2,4,5,1,4,2,2,4,2,3,1,24.65
1,4,7,4,1,1,1,2,2,4,1,1,2,0
2,6,7,4,1,2,0,1,1,4,1,3,1,44.76
2,6,1,4,2,1,2,1,2,6,4,1,1,68.59
1,5,5,1,2,2,0,1,1,2,4,1,2,0
2,2,6,4,2,2,0,2,2,4,1,2,1,66.69
2,5,2,1,5,2,0,1,2,1,3,3,1,24.65
2,6,3,1,3,2,0,1,1,7,1,3,1,24.65
1,4,7,1,5,2,0,1,1,2,2,1,2,0
2,1,6,3,2,2,0,1,1,4,5,2,1,80.57
2,6,8,3,1,2,0,1,2,2,1,3,1,24.65
1,6,6,3,4,2,0,1,2,6,5,2,2,0
2,2,1,3,4,1,4,2,1,2,2,2,1,24.65
1,6,5,4,3,2,0,1,1,4,4,3,2,0
2,2,1,4,2,2,0,2,1,4,3,1,1,24.65
1,1,3,4,2,1,4,1,2,4,1,1,2,0
1,2,1,3,3,1,4,2,2,3,4,3,2,0
2,1,2,2,5,1,3,2,2,6,3,1,1,24.65
1,4,3,2,1,1,3,1,1,7,3,3,2,0
1,2,2,4,3,1,2,2,1,5,5,1,2,0
2,5,4,1,2,2,0,2,1,2,1,1,1,24.65
1,6,3,1,5,2,0,1,1,2,3,1,2,0
1,4,3,4,3,1,2,1,1,2,2,3,2,0
2,1,8,4,4,2,0,1,2,7,1,1,1,15.98
1,3,8,4,3,2,0,1,1,7,5,3,2,0
1,3,1,1,2,2,0,2,2,1,5,2,2,0
1,6,3,3,5,1,3,1,1,5,3,3,2,0
1,6,7,1,2,1,3,1,2,6,2,3,2,0
2,3,9,4,2,2,0,2,1,7,2,3,1,24.65
1,4,2,3,1,2,0,2,2,1,5,2,2,0
2,5,6,3,4,2,0,1,2,1,2,1,1,24.65
2,6,9,3,5,1,1,2,1,6,4,3,1,24.65
1,5,4,4,5,1,3,1,2,4,5,2,2,0
2,5,9,2,1,2,0,1,2,4,4,3,1,24.65
1,1,2,3,2,1,1,1,2,2,2,3,2,0
1,6,2,4,3,2,0,1,1,4,3,1,2,0
1,2,8,3,4,1,3,2,2,2,2,1,2,0
1,3,5,3,2,2,0,1,2,3,5,2,2,0
1,2,5,4,5,1,1,2,1,6,4,1,2,0
2,3,4,2,3,1,3,1,1,2,1,1,1,24.65
2,1,7,4,5,2,0,2,2,7,2,2,1,24.65
1,2,4,3,3,1,3,1,1,3,3,3,2,0
2,5,8,1,2,2,0,2,2,4,3,1,1,24.65
2,3,4,3,4,2,0,2,1,3,3,1,1,17.62
2,5,8,3,5,1,1,2,1,5,2,1,1,51.81
2,1,5,2,5,1,3,1,1,5,2,1,1,79.82
1,6,4,3,5,2,0,2,2,6,2,2,2,0
2,1,6,2,3,2,0,1,2,2,4,2,1,24.65
1,6,1,3,1,1,2,1,1,5,3,2,2,0
2,4,4,4,5,2,0,1,2,7,4,1,1,24.65
1,1,7,1,2,1,3,1,1,4,2,1,2,0
1,3,7,4,3,2,0,2,1,3,1,2,2,0
2,4,2,4,4,1,2,1,1,5,3,3,1,24.65
2,5,1,2,3,2,0,2,2,6,1,2,1,24.65
1,5,1,1,4,2,0,1,1,5,2,2,2,0
1,4,2,3,1,2,0,1,1,2,4,2,2,0
1,2,5,2,3,1,4,2,2,1,5,2,2,0
1,3,1,3,2,1,4,1,2,1,5,3,2,0
2,3,8,4,5,2,0,2,1,4,2,3,1,98.46
2,1,4,4,5,1,3,1,2,5,3,1,1,24.65
1,4,7,2,1,2,0,2,2,2,2,1,2,0
2,2,8,1,5,2,0,1,2,1,5,2,1,31.23
1,5,4,3,4,2,0,2,2,4,2,3,2,0
1,5,9,2,2,1,2,2,2,2,2,2,2,0
2,2,1,3,2,1,1,2,1,1,5,3,1,21
2,6,6,1,3,2,0,2,2,6,5,3,1,23.39
1,2,5,4,2,2,0,2,2,5,3,3,2,0
2,5,3,4,1,2,0,2,1,3,3,3,1,24.65
1,4,9,3,1,2,0,1,2,6,3,2,2,0
1,5,6,2,1,1,3,1,2,4,3,1,2,0
1,2,6,3,2,1,4,2,1,1,5,2,2,0
2,4,5,4,2,1,1,2,2,1,5,1,1,55.6
1,2,9,4,3,1,1,2,1,3,2,1,2,0
2,3,4,1,5,1,4,1,2,1,1,3,1,24.65
1,6,9,2,4,1,2,1,2,1,5,3,2,0
2,5,1,4,3,1,3,1,2,2,4,2,1,21.97
1,5,1,2,4,2,0,2,2,3,3,3,2,0
2,2,1,1,5,2,0,2,2,6,3,2,1,73.63
2,4,6,3,1,2,0,1,1,1,1,1,1,85.1
2,3,7,1,3,2,0,2,2,7,4,2,1,14.18
2,3,9,1,2,2,0,2,1,2,1,3,1,24.65
2,1,1,2,1,2,0,1,1,5,5,1,1,50.38
1,4,6,3,3,1,4,2,2,2,3,3,2,0
2,1,8,3,2,2,0,1,2,1,2,1,1,71.75
1,6,6,3,3,2,0,1,1,4,4,2,2,0
1,3,6,2,3,1,4,1,2,4,1,2,2,0
2,5,9,4,4,1,1,2,1,4,2,1,1,24.65
1,5,8,3,4,1,1,1,1,6,1,3,2,0
2,5,1,4,1,2,0,2,1,7,5,1,1,49.18
1,4,7,1,5,1,1,2,2,3,2,2,2,0
1,6,6,3,4,2,0,1,1,1,5,2,2,0
1,1,5,1,5,1,3,1,1,1,4,3,2,0
1,1,4,4,3,2,0,2,2,2,1,2,2,0
2,1,8,2,3,2,0,1,1,2,2,2,1,96.85
2,4,5,2,3,1,3,2,2,7,1,3,1,24.65
2,2,7,3,1,1,1,1,2,4,5,1,1,39.05
2,5,4,2,4,1,2,1,1,3,4,2,1,24.65
1,2,9,2,5,1,2,2,2,3,5,3,2,0
1,1,6,3,5,2,0,2,2,2,2,2,2,0
2,1,4,3,5,2,0,2,2,1,1,3,1,24.65
2,6,5,3,4,2,0,2,1,4,1,3,1,97.06
1,2,2,4,1,1,1,1,2,5,4,1,2,0
2,3,8,4,2,1,4,2,1,5,5,1,1,24.65
1,5,8,3,5,2,0,1,2,4,1,2,2,0
2,3,9,2,4,2,0,1,1,3,2,2,1,24.65
1,4,4,4,3,1,4,2,2,7,4,2,2,0
2,5,5,1,3,2,0,2,2,5,5,2,1,24.65
2,4,8,3,3,2,0,1,2,5,2,2,1,24.65
1,4,1,2,2,2,0,2,1,2,1,3,2,0
2,5,8,3,1,1,2,1,2,3,2,3,1,24.65
2,3,4,4,5,1,2,2,2,2,4,3,1,24.65
2,6,8,1,1,2,0,1,2,7,2,3,1,24.65
1,3,2,1,3,1,4,1,2,6,2,2,2,0
1,1,8,3,5,2,0,2,1,5,2,2,2,0
2,1,5,4,4,2,0,2,1,6,5,3,1,43.51
1,6,7,1,2,2,0,1,1,7,1,3,2,0
2,6,4,2,1,2,0,1,1,1,1,1,1,24.65
1,3,5,1,4,1,2,2,2,7,5,2,2,0
1,1,6,1,4,2,0,2,2,7,4,3,2,0
2,3,5,4,3,1,3,2,2,5,1,1,1,93.27
2,5,8,3,5,1,2,2,1,2,5,2,1,24.65
2,1,1,3,3,1,3,2,2,1,2,2,1,38.52
2,4,5,3,5,2,0,2,1,7,5,1,1,84.29
2,6,5,2,3,1,2,1,1,7,2,2,1,53.88
1,5,4,1,2,2,0,2,2,4,2,2,2,0
1,6,3,2,4,1,3,1,1,5,4,2,2,0
1,5,7,4,1,1,1,1,1,3,4,1,2,0
1,4,5,4,2,1,1,2,1,7,5,3,2,0
1,6,6,3,5,1,3,2,2,2,1,1,2,0
2,4,2,1,5,2,0,2,1,5,3,1,1,89.02
1,2,8,1,2,2,0,2,2,5,5,3,2,0
2,1,7,4,5,2,0,1,1,5,4,3,1,24.65
1,5,3,4,3,1,1,2,2,2,5,3,2,0
2,2,5,2,1,1,2,1,1,7,4,2,1,22.93
1,1,5,1,1,1,4,2,2,2,2,1,2,0
1,2,7,4,1,2,0,2,1,4,4,3,2,0
2,4,4,1,1,2,0,1,1,5,3,3,1,24.65
1,2,2,3,3,2,0,2,1,3,3,2,2,0
1,3,8,1,5,2,0,1,1,6,1,2,2,0
2,2,3,2,3,2,0,2,2,4,5,2,1,24.26
2,6,5,1,3,1,4,2,1,7,1,3,1,24.65
2,1,2,1,3,1,2,2,2,6,3,3,1,54.36
2,2,1,4,4,1,3,2,1,3,4,2,1,24.65
2,6,1,1,1,1,2,2,2,7,3,2,1,24.65
1,4,3,3,4,1,1,2,1,6,3,1,2,0
2,6,1,4,4,1,4,2,1,2,2,1,1,28.03
2,6,9,1,2,1,3,2,1,6,4,3,1,24.65
1,4,5,2,1,2,0,1,1,5,3,2,2,0
2,2,8,2,4,2,0,2,2,3,4,2,1,24.65
1,3,4,1,4,1,4,2,2,3,5,1,2,0
1,6,3,4,1,1,2,2,2,7,2,1,2,0
1,5,8,1,3,2,0,1,2,2,1,3,2,0
2,3,9,1,2,1,4,2,2,2,3,1,1,24.65
1,2,6,1,1,1,3,2,1,2,5,1,2,0
2,4,1,2,2,1,4,2,2,7,2,3,1,25.29
1,1,2,1,2,1,2,2,1,5,5,3,2,0
1,2,2,4,4,2,0,2,2,2,1,2,2,0
2,1,1,2,2,2,0,2,1,6,4,2,1,98.24
1,4,2,1,2,1,4,2,1,3,5,3,2,0
1,1,8,2,4,1,4,1,1,2,2,1,2,0
2,6,3,2,3,2,0,1,2,6,4,1,1,96.65
2,6,4,2,1,1,1,2,1,5,5,1,1,36.33
2,1,9,4,4,2,0,2,1,6,3,1,1,24.65
2,1,1,2,5,2,0,2,1,3,2,1,1,61.2
1,5,8,3,5,1,4,1,1,7,2,2,2,0
1,5,7,2,1,2,0,1,1,6,1,3,2,0
2,3,8,1,5,2,0,1,1,2,3,1,1,24.65
1,3,2,1,3,2,0,1,1,3,2,1,2,0
2,3,3,2,5,2,0,1,1,5,1,1,1,24.65
2,5,3,1,5,2,0,2,2,5,1,1,1,24.65
1,3,3,1,2,1,3,1,1,6,5,3,2,0
1,1,8,2,3,2,0,1,1,7,5,3,2,0
1,4,6,3,4,1,3,1,2,6,1,3,2,0
1,1,2,1,5,1,3,2,1,5,4,1,2,0
1,3,2,3,2,1,1,2,1,2,4,3,2,0
2,6,8,4,2,1,4,1,2,7,2,1,1,83.34
2,4,7,1,4,1,2,1,1,7,1,3,1,24.65
2,4,4,1,3,2,0,2,1,7,2,3,1,24.65
1,6,2,3,5,2,0,1,2,6,5,1,2,0
1,6,7,3,4,1,2,2,1,6,1,1,2,0
2,4,4,2,3,2,0,2,2,3,5,2,1,52.23
2,2,4,1,1,1,4,2,2,6,1,2,1,24.65
1,1,3,4,5,2,0,2,1,2,2,2,2,0
2,4,6,4,4,1,1,2,1,3,3,3,1,85.99
1,2,4,1,4,1,4,1,2,3,1,1,2,0
1,5,8,3,4,1,2,2,1,4,4,1,2,0
1,6,3,3,4,2,0,2,2,7,4,1,2,0
2,2,3,3,3,2,0,2,1,6,5,1,1,24.65
2,2,8,2,4,2,0,1,2,7,3,1,1,31.56
1,2,3,1,1,2,0,2,2,4,2,2,2,0
2,3,8,3,1,1,4,1,1,6,5,3,1,24.65
1,6,4,4,2,2,0,1,2,5,5,3,2,0
1,2,8,2,2,2,0,1,1,2,4,3,2,0
1,2,3,4,1,2,0,2,2,7,1,2,2,0
1,6,7,4,2,2,0,1,1,2,1,3,2,0
1,1,3,1,2,2,0,2,1,1,5,3,2,0
2,4,4,1,1,1,4,1,2,5,1,3,1,23.3
2,4,7,3,3,2,0,1,2,5,5,3,1,16.42
1,1,8,2,4,1,3,1,1,4,3,1,2,0
1,4,8,4,5,2,0,2,2,7,2,2,2,0
2,3,8,4,2,1,4,1,2,1,4,3,1,24.65
2,6,4,4,2,2,0,2,2,3,4,1,1,83.46
1,3,8,1,2,2,0,2,2,2,3,2,2,0
1,1,7,3,5,2,0,2,1,1,4,3,2,0
1,5,6,3,2,1,3,1,2,4,5,1,2,0
2,6,8,3,2,1,4,2,1,1,2,1,1,35.35
2,4,7,4,5,1,2,2,2,7,2,2,1,24.65
1,6,7,3,1,1,3,1,2,3,4,3,2,0
2,5,6,1,2,1,4,1,1,5,3,1,1,24.65
2,1,3,4,5,1,1,2,2,6,2,1,1,24.65
2,1,9,1,5,2,0,2,1,3,1,3,1,24.65
1,6,7,4,4,2,0,1,2,1,2,2,2,0
2,5,1,1,2,2,0,1,2,5,4,3,1,24.65
1,1,7,2,5,1,1,1,2,6,3,2,2,0
2,5,7,4,2,1,4,1,1,3,3,3,1,75.75
1,1,7,2,4,1,4,2,1,5,3,2,2,0
1,2,6,4,1,1,2,2,1,3,2,2,2,0
1,2,2,3,4,2,0,1,2,7,1,2,2,0
1,5,1,1,1,2,0,2,1,5,5,2,2,0
1,4,7,4,2,1,2,2,2,5,3,3,2,0
2,3,3,1,3,1,3,2,2,5,1,3,1,24.65
1,2,4,4,1,2,0,1,2,7,1,1,2,0
1,1,5,2,3,1,3,1,2,2,3,2,2,0
2,6,7,1,4,1,4,1,1,5,4,3,1,29.54
1,6,4,1,4,2,0,2,2,6,5,2,2,0
1,2,5,4,2,1,4,2,2,6,2,2,2,0
2,5,3,4,1,2,0,2,1,4,3,2,1,87.1
2,3,9,1,1,1,2,2,2,6,1,2,1,69.1
1,2,2,1,3,1,3,2,1,6,1,3,2,0
2,3,1,4,5,2,0,1,1,5,2,1,1,75.08
1,2,1,3,5,1,1,2,1,7,2,3,2,0
1,3,1,2,2,2,0,2,2,7,1,3,2,0
2,1,3,3,5,1,4,1,1,3,2,2,1,24.65
1,4,6,4,1,2,0,1,1,7,4,2,2,0
2,1,9,2,4,2,0,2,1,5,2,2,1,81.87
1,5,5,2,1,1,4,2,1,5,2,3,2,0
1,6,8,1,2,2,0,1,2,3,5,1,2,0
1,6,4,1,3,1,1,1,2,4,3,1,2,0
1,3,1,2,5,1,2,2,2,4,3,2,2,0
1,1,3,1,5,1,1,1,2,5,5,3,2,0
1,3,1,4,1,1,3,1,1,7,4,2,2,0
2,1,2,1,3,1,2,1,1,7,4,3,1,63.57
1,6,4,1,1,1,4,1,2,2,4,2,2,0
1,6,4,1,2,1,4,2,1,3,4,1,2,0
2,4,5,1,2,1,2,2,2,1,3,1,1,20.92
2,4,6,2,2,1,3,1,1,2,2,3,1,77.71
2,1,2,4,3,1,4,2,1,1,5,3,1,27.95
1,6,5,1,2,2,0,1,2,5,2,1,2,0
1,5,9,3,4,1,4,1,2,7,4,3,2,0
1,2,9,2,4,2,0,1,1,2,1,1,2,0
1,5,4,2,1,2,0,1,2,1,5,3,2,0
1,1,9,1,1,2,0,1,1,2,1,1,2,0
1,3,7,1,5,2,0,1,2,6,3,1,2,0
2,4,6,2,2,2,0,1,1,3,5,3,1,24.65
1,1,7,3,2,1,3,2,1,7,2,3,2,0
1,6,8,4,1,2,0,1,2,3,3,2,2,0
2,5,1,1,1,2,0,2,2,5,2,2,1,24.65
2,5,2,3,2,1,3,1,2,3,5,2,1,24.65
2,3,3,1,3,1,3,1,2,6,4,2,1,89.05
2,4,5,2,1,2,0,1,1,5,4,1,1,24.65
2,5,7,4,4,2,0,1,2,1,4,2,1,95.9
2,5,3,3,2,2,0,2,2,2,3,1,1,24.65
2,6,1,2,5,2,0,2,2,3,1,2,1,85.31
2,4,9,3,1,1,1,2,2,4,4,1,1,32.57
1,5,4,2,4,2,0,1,2,2,5,2,2,0
2,3,3,2,1,1,2,2,1,3,4,3,1,52.9
2,4,5,3,3,1,4,1,1,2,2,3,1,24.65
1,4,4,1,5,2,0,2,2,4,3,2,2,0
1,6,2,3,4,1,4,1,1,7,2,2,2,0
2,3,7,1,3,2,0,2,2,4,5,1,1,86.09
1,3,1,2,2,1,3,2,1,1,5,2,2,0
2,1,3,3,1,2,0,2,1,7,5,2,1,32.08
1,3,6,4,3,1,4,2,2,3,3,3,2,0
1,2,4,2,5,2,0,2,2,5,5,1,2,0
2,4,2,1,2,2,0,1,1,7,1,2,1,89.52
2,2,7,1,2,1,4,1,2,5,1,3,1,43.15
2,1,5,4,2,2,0,2,1,2,2,3,1,24.65
2,2,5,4,5,1,4,2,2,5,4,1,1,61.71
2,1,6,3,4,1,3,1,2,3,1,1,1,24.65
2,6,4,4,3,1,1,1,2,5,3,1,1,24.65
2,6,4,2,1,1,4,2,2,4,2,3,1,89.49
1,4,3,4,1,2,0,1,2,1,2,1,2,0
1,1,6,3,1,2,0,2,1,3,2,3,2,0
1,1,9,2,4,1,1,1,2,6,4,1,2,0
1,5,3,4,2,1,1,1,2,7,5,3,2,0
1,3,1,1,3,2,0,1,1,4,5,3,2,0
2,6,9,4,1,2,0,1,1,7,1,2,1,24.65
1,2,4,3,4,1,1,2,1,7,4,3,2,0
2,6,1,4,4,1,1,1,1,1,5,2,1,24.65
2,2,4,3,5,2,0,1,1,4,2,2,1,24.65
2,5,2,3,3,2,0,2,2,7,2,2,1,24.65
2,5,1,2,2,1,3,1,2,5,4,2,1,24.65
1,1,4,2,5,1,4,2,1,4,3,1,2,0
2,3,3,2,1,2,0,2,1,1,3,2,1,24.65
2,4,1,1,4,2,0,2,1,5,1,1,1,24.65
1,3,2,3,1,2,0,2,1,2,1,1,2,0
1,6,2,4,5,2,0,2,2,2,4,3,2,0
2,6,1,4,3,2,0,2,2,1,1,3,1,24.65
1,2,4,4,1,1,2,1,1,1,3,3,2,0
1,3,5,1,4,1,3,1,1,2,3,3,2,0
1,2,3,2,5,2,0,1,1,2,1,3,2,0
2,6,2,3,4,1,2,1,1,6,4,3,1,24.65
1,3,9,4,4,2,0,2,1,3,4,2,2,0
1,3,9,2,2,2,0,1,2,5,1,3,2,0
2,4,6,4,2,2,0,1,1,6,5,2,1,24.65
2,1,4,4,5,2,0,1,2,5,3,2,1,37.25
1,1,4,1,5,1,4,1,1,7,5,3,2,0
1,3,8,4,1,1,2,2,1,7,3,2,2,0
2,5,1,4,3,2,0,2,1,1,3,3,1,17.94
1,3,9,4,3,1,3,2,2,6,2,2,2,0
1,2,9,3,3,2,0,1,1,5,3,2,2,0
2,5,5,4,3,1,2,1,1,4,3,1,1,27.93
2,5,1,4,4,1,1,2,1,7,2,1,1,24.65
1,4,6,4,5,2,0,2,1,1,1,3,2,0
2,4,2,2,5,1,2,2,2,5,5,3,1,91.89
1,1,4,4,1,1,3,2,1,5,2,3,2,0
1,2,4,2,2,2,0,1,2,1,4,3,2,0
2,2,9,4,5,2,0,1,2,6,3,2,1,24.65
2,4,6,4,3,1,4,2,2,4,3,2,1,29.05
2,1,5,3,5,1,2,2,1,5,4,3,1,25.71
1,1,1,4,5,1,1,1,2,2,4,2,2,0
1,1,8,2,2,2,0,2,1,6,4,2,2,0
1,4,8,4,1,2,0,1,1,5,5,2,2,0
1,6,6,4,3,2,0,1,2,5,5,3,2,0
2,2,1,2,5,2,0,2,1,2,2,2,1,73.21
1,5,5,3,4,1,1,2,2,1,1,1,2,0
2,2,9,2,5,2,0,2,1,1,3,1,1,74.06
2,3,7,1,3,2,0,1,2,4,1,2,1,24.65
2,3,9,1,5,1,3,1,1,1,2,2,1,48.77
2,4,1,1,4,1,1,1,2,2,5,1,1,24.65
1,3,6,4,4,2,0,1,1,7,2,3,2,0
1,4,5,3,2,2,0,2,1,7,1,2,2,0
1,6,6,3,3,1,4,1,1,4,5,2,2,0
2,2,7,3,2,2,0,2,2,7,3,3,1,24.65
1,2,2,3,3,2,0,2,2,5,1,1,2,0
1,3,7,1,5,1,2,2,2,5,3,1,2,0
2,1,4,4,1,2,0,1,1,6,4,3,1,24.65
1,4,8,1,4,1,4,2,2,3,1,1,2,0
2,6,5,4,1,1,3,1,2,4,4,2,1,21.98
2,5,7,3,1,2,0,2,1,5,3,1,1,55.32
2,2,2,2,2,2,0,1,1,3,4,1,1,24.65
1,1,9,1,2,1,4,2,2,7,3,1,2,0
1,2,3,2,2,2,0,2,1,1,1,1,2,0
2,4,4,1,4,1,1,1,2,2,5,1,1,24.65
2,4,5,1,4,1,4,1,1,2,2,3,1,24.65
2,4,3,1,2,2,0,1,2,6,2,2,1,24.65
1,2,6,2,2,2,0,1,1,7,3,2,2,0
1,1,4,1,5,2,0,1,2,1,1,1,2,0
1,3,1,2,3,1,2,2,2,7,2,2,2,0
2,1,3,3,3,1,3,1,2,4,5,1,1,94.18
1,4,2,1,1,2,0,2,2,3,1,2,2,0
2,4,4,2,2,2,0,2,1,5,5,2,1,24.65
1,1,4,2,5,1,3,2,2,4,1,3,2,0
2,3,2,4,4,1,3,1,2,2,5,3,1,24.65
2,6,4,4,3,2,0,2,2,4,1,3,1,16.5
2,5,6,1,2,2,0,1,2,2,3,1,1,73.39
2,1,2,4,1,2,0,1,1,1,1,2,1,68.04
2,3,6,2,2,1,3,1,1,3,1,2,1,24.65
1,3,1,3,3,1,1,2,2,3,4,2,2,0
2,2,7,2,4,1,2,1,1,6,1,2,1,24.65
1,4,6,4,5,2,0,1,2,1,1,1,2,0
1,2,5,2,3,1,1,1,1,6,2,3,2,0
2,6,2,3,5,1,2,2,2,3,3,1,1,12.87
2,6,7,1,4,2,0,1,1,5,3,1,1,24.65
1,5,5,3,4,1,4,2,2,3,5,1,2,0
2,4,5,3,1,1,4,1,2,2,2,1,1,24.65
2,6,1,3,2,2,0,2,1,2,2,1,1,32.62
1,1,2,1,5,1,2,2,2,5,1,2,2,0
1,3,9,4,4,1,1,1,2,6,3,1,2,0
1,4,7,2,5,2,0,1,2,2,3,1,2,0
2,3,7,1,2,1,2,1,1,3,4,2,1,70.28
2,3,6,4,1,1,1,1,2,3,3,2,1,61.95
1,6,1,3,2,1,3,1,2,3,1,2,2,0
1,4,2,2,5,1,1,2,1,4,4,2,2,0
1,2,3,2,1,1,2,2,1,4,1,1,2,0
2,2,8,1,1,1,4,1,2,2,3,2,1,70.49
2,5,3,1,3,2,0,2,1,2,5,3,1,23.18
1,1,3,4,3,2,0,1,1,6,2,1,2,0
1,3,1,4,2,2,0,2,1,6,5,2,2,0
1,5,8,1,3,2,0,1,2,4,1,2,2,0
1,3,5,4,4,1,1,1,2,2,3,2,2,0
2,5,5,3,3,2,0,2,2,4,4,3,1,28.76
2,2,7,1,1,2,0,1,1,7,5,3,1,75.07
2,1,3,2,2,2,0,1,1,1,4,2,1,98.72
1,5,6,1,5,2,0,1,1,5,2,2,2,0
1,4,3,3,1,1,2,2,2,2,1,1,2,0
1,2,6,2,4,1,3,1,1,6,5,1,2,0
2,3,3,1,4,1,4,2,2,6,5,1,1,43.53
1,3,9,1,1,2,0,2,2,2,1,2,2,0
2,2,6,3,5,2,0,2,2,5,3,2,1,13.15
1,5,7,3,4,2,0,1,1,5,2,2,2,0
1,3,8,2,2,2,0,2,2,2,3,3,2,0
2,3,9,2,4,1,2,1,2,2,4,2,1,24.65
1,5,7,3,5,1,2,2,2,2,3,2,2,0
1,5,8,4,2,1,2,2,1,1,3,1,2,0
1,4,1,1,1,2,0,1,2,4,1,2,2,0
1,5,6,3,5,2,0,2,2,3,3,3,2,0
1,4,6,1,4,1,3,1,1,1,5,3,2,0
1,6,7,4,3,1,1,2,1,5,1,3,2,0
1,6,1,4,3,1,4,2,2,6,3,2,2,0
1,4,6,3,4,2,0,2,1,5,4,1,2,0
2,6,7,4,3,2,0,2,1,4,4,1,1,24.65
2,3,2,4,4,2,0,2,1,5,1,3,1,88.94
1,3,9,1,1,2,0,2,2,4,3,3,2,0
1,5,4,3,1,1,2,2,2,6,3,3,2,0
1,1,9,1,5,1,2,2,2,4,4,1,2,0
2,3,4,4,3,1,2,1,2,5,2,2,1,60.64
2,6,8,4,1,1,3,2,2,4,2,2,1,24.65
1,2,7,4,1,2,0,1,2,6,1,3,2,0
2,2,2,3,1,2,0,2,1,3,1,1,1,15.32
2,6,5,2,3,1,3,1,1,5,1,3,1,24.65
2,3,6,2,5,1,3,2,1,6,1,2,1,24.65
2,1,1,4,4,1,1,1,2,4,1,3,1,67.71
1,6,6,2,4,2,0,2,1,5,5,1,2,0
1,6,4,4,3,2,0,2,2,6,1,1,2,0
1,1,2,2,2,1,4,2,1,3,3,2,2,0
1,2,1,4,4,2,0,1,1,6,5,3,2,0
1,1,2,2,4,2,0,1,2,5,2,1,2,0
1,4,4,3,1,2,0,2,1,5,2,2,2,0
1,2,9,2,5,2,0,2,2,6,1,2,2,0
1,2,9,1,3,2,0,2,1,1,1,3,2,0
2,1,6,4,2,1,4,1,1,5,5,3,1,93.62
1,4,1,3,2,2,0,1,1,1,2,3,2,0
1,4,3,4,1,2,0,2,2,2,4,1,2,0
1,2,9,4,1,2,0,2,2,1,3,1,2,0
2,3,8,2,4,1,1,1,2,2,1,1,1,24.65
1,6,5,3,4,2,0,1,2,3,3,3,2,0
2,3,6,4,1,2,0,2,2,3,4,2,1,94.68
1,3,9,1,3,1,2,1,2,2,2,3,2,0
1,5,9,2,4,1,1,2,2,2,5,1,2,0
2,3,5,1,5,2,0,1,1,4,2,3,1,21.23
1,6,8,3,1,2,0,2,1,1,4,1,2,0
1,1,3,4,2,1,4,2,2,5,4,1,2,0
2,3,3,2,5,1,2,2,1,3,3,2,1,66.83
1,2,6,2,2,2,0,1,2,1,5,3,2,0
1,4,1,3,1,1,4,2,2,4,1,1,2,0
1,4,2,3,5,2,0,2,1,7,1,2,2,0
1,2,5,3,5,1,3,2,1,1,5,2,2,0
2,4,7,2,2,2,0,2,1,2,2,2,1,24.65
2,5,7,2,4,2,0,1,2,1,2,1,1,24.65
2,1,8,3,3,2,0,1,1,7,1,3,1,24.65
2,5,8,1,2,1,1,1,1,7,3,2,1,20.4
2,6,9,3,1,1,4,1,2,4,2,2,1,93.81
1,4,5,1,3,1,1,1,2,1,4,2,2,0
1,3,4,3,3,2,0,1,2,2,3,1,2,0
1,4,8,2,1,1,1,1,1,3,4,3,2,0
1,2,7,3,3,2,0,1,2,3,3,2,2,0
1,2,3,2,2,1,4,2,2,1,1,1,2,0
2,5,6,4,4,2,0,2,1,5,4,3,1,24.65
1,3,1,3,3,2,0,1,1,1,5,3,2,0
2,3,4,2,2,1,4,2,1,1,2,1,1,69.83
1,5,9,3,2,1,1,2,2,6,2,2,2,0
2,6,8,3,5,1,1,1,2,7,1,1,1,24.65
1,3,4,4,3,2,0,2,1,1,2,1,2,0
1,3,4,3,3,1,1,1,1,5,4,1,2,0
1,5,9,1,4,2,0,1,2,7,3,3,2,0
2,6,2,1,1,2,0,1,1,3,3,2,1,24.65
2,3,3,1,3,1,2,2,1,2,3,1,1,24.65
2,6,8,2,2,1,2,1,2,4,3,1,1,24.65
1,3,6,2,4,1,3,2,2,5,5,2,2,0
2,5,6,2,5,1,1,2,1,4,4,3,1,24.65
2,3,6,2,4,2,0,2,2,4,4,3,1,24.65
1,4,2,3,3,2,0,1,1,3,4,3,1,25.12
1,5,3,4,4,1,3,1,2,7,3,2,1,21.94
1,6,8,3,5,2,0,2,2,5,3,1,1,24.25
2,1,5,4,3,1,1,1,2,1,4,1,1,42.74
1,5,5,3,3,2,0,1,2,1,2,3,2,0
1,6,5,3,2,1,2,2,2,6,4,2,2,0
2,5,4,2,4,1,4,2,2,2,3,2,1,24.65
1,2,2,3,2,2,0,2,2,3,2,3,2,0
2,5,9,1,5,1,3,1,1,6,1,1,1,24.65
2,5,4,3,1,1,3,1,1,2,1,3,1,51.93
1,3,7,1,2,2,0,2,2,4,3,1,1,51.58
1,1,7,3,5,2,0,1,1,2,1,2,2,0
1,5,4,4,2,1,4,1,2,3,4,3,2,0
1,6,7,2,3,1,2,2,1,2,1,3,2,0
2,1,1,3,3,2,0,2,2,6,4,1,1,83.34
1,5,3,4,1,1,3,2,1,4,2,3,2,0
1,1,2,3,4,2,0,1,2,5,1,2,2,0
1,4,3,1,3,2,0,1,1,1,2,1,1,31.47
2,5,5,2,4,2,0,2,1,3,3,3,1,20.73
1,5,9,4,3,1,1,1,2,5,5,3,2,0
2,2,1,1,1,2,0,1,1,4,1,2,1,24.65
1,6,5,4,3,1,4,1,2,1,4,1,2,0
2,3,8,1,3,2,0,2,1,4,4,3,1,24.65
2,6,8,1,3,1,3,1,2,5,3,1,1,18.12
2,3,2,1,2,2,0,2,1,6,3,2,1,24.65
2,2,7,3,1,1,2,1,2,4,5,3,1,24.65
1,6,7,2,1,2,0,2,1,3,4,2,1,46.71
2,1,8,1,3,1,1,2,1,5,4,2,1,24.65
1,2,1,1,3,2,0,1,2,6,2,3,2,0
2,5,8,4,5,1,4,1,2,3,5,1,1,84
2,5,1,4,4,2,0,2,2,1,4,3,1,24.65
1,6,8,2,1,1,2,1,1,4,3,3,2,0
1,1,1,1,3,2,0,1,2,1,4,3,1,15.19
1,1,9,3,1,1,2,1,1,2,5,1,2,0
2,5,9,3,4,1,1,2,2,7,3,1,1,90.72
2,1,7,4,5,1,2,2,1,6,5,1,1,24.65
2,4,4,1,2,2,0,1,2,1,5,1,1,24.65
1,5,2,1,5,2,0,2,2,2,4,3,1,64.17
1,2,9,3,4,2,0,1,2,3,4,2,1,88.78
2,6,7,4,4,1,2,2,2,3,5,3,1,24.65
2,4,8,3,4,2,0,2,2,4,2,1,1,24.65
2,2,5,4,3,2,0,2,2,7,5,3,1,78.21
1,6,7,3,4,2,0,2,2,1,3,2,2,0
1,4,4,1,3,2,0,2,2,2,2,3,2,0
2,2,7,1,3,1,2,2,2,6,5,2,1,24.65
1,5,8,2,4,1,1,1,2,7,1,1,1,57.8
1,3,2,3,1,1,4,1,2,7,4,1,1,36.28
1,4,7,1,1,1,4,1,2,4,5,1,2,0
1,6,7,1,5,1,1,1,2,4,4,3,2,0
2,4,2,4,4,1,2,1,1,3,4,1,1,10.94
2,2,6,3,2,1,2,2,1,4,1,1,1,24.65
2,3,7,4,1,2,0,1,2,4,2,1,1,14.83
1,4,5,1,5,1,3,2,2,2,1,2,2,0
1,5,5,3,1,2,0,2,1,6,4,1,2,0
1,2,9,1,2,1,1,2,1,7,2,2,1,11.34
1,6,8,1,1,2,0,2,1,5,5,3,1,14.99
2,3,7,4,4,1,1,1,1,2,2,2,1,24.65
1,5,1,2,3,1,3,2,2,4,5,2,2,0
1,1,3,4,3,1,1,1,1,7,3,3,1,40.55
2,3,3,1,3,2,0,1,1,2,3,1,1,24.65
1,4,8,2,1,1,4,1,2,5,2,1,1,31.25
2,2,3,3,3,2,0,1,1,6,3,1,1,24.65
2,5,1,2,3,1,2,1,2,2,4,2,1,34
2,2,4,2,5,1,3,2,2,7,2,3,1,59.93
1,6,1,4,3,1,3,1,2,4,1,2,2,0
1,4,2,3,5,2,0,1,2,1,2,2,1,44.43
1,4,2,2,3,2,0,1,2,2,5,2,2,0
1,4,1,4,2,1,4,2,1,6,4,1,2,0
1,3,4,1,4,2,0,1,1,2,4,3,2,0
2,2,1,3,1,2,0,1,2,3,3,2,1,24.65
1,2,9,2,2,1,1,1,2,4,2,1,2,0
1,1,4,1,3,2,0,2,1,7,5,3,2,0
1,2,8,4,5,1,1,1,2,5,5,3,1,58
2,3,3,3,2,2,0,2,2,3,2,1,1,85.06
1,3,8,1,4,1,3,1,1,5,3,2,2,0
2,2,4,2,1,2,0,1,1,7,2,2,1,24.65
2,3,3,4,4,2,0,2,2,6,3,3,1,70.03
2,2,8,1,2,2,0,2,2,6,3,3,1,24.65
2,6,4,4,2,2,0,2,2,4,5,2,1,73.83
1,2,3,1,3,1,2,1,2,7,2,2,1,95.18
2,1,7,3,3,1,1,1,2,2,2,2,1,24.65
1,1,4,3,5,2,0,2,1,5,1,1,1,68.04
1,5,5,4,1,2,0,1,1,7,2,3,2,0
2,1,8,1,2,1,1,2,2,3,4,1,1,24.65
2,1,1,4,2,1,1,1,1,5,2,3,1,98.73
2,1,6,2,4,1,2,1,1,4,1,1,1,24.65
1,1,3,1,1,2,0,1,1,6,5,3,2,0
2,3,5,4,3,1,4,2,2,1,2,1,1,16.83
2,4,4,2,1,1,4,2,1,7,4,2,1,24.65
1,6,2,1,4,2,0,1,1,2,3,1,2,0
1,1,6,4,3,2,0,2,2,4,4,2,1,82.15
2,6,7,3,3,2,0,2,1,1,2,1,1,79.99
1,1,7,1,4,1,1,1,1,4,4,3,1,50.56
1,5,4,4,1,1,3,1,2,6,5,2,2,0
1,5,9,4,4,2,0,2,1,7,2,2,2,0
1,3,2,1,3,2,0,2,2,7,2,3,2,0
1,4,9,1,4,1,3,1,1,4,2,3,1,48.53
1,4,5,1,3,1,4,1,2,3,4,1,2,0
2,5,9,2,5,1,1,1,1,1,2,1,1,24.65
2,5,2,2,2,1,1,1,2,4,2,2,1,26.21
2,4,6,2,3,2,0,2,2,1,5,2,1,24.65
1,5,7,4,5,2,0,1,2,7,4,1,1,13.54
2,4,2,4,2,1,3,2,2,7,2,2,1,24.65
2,5,6,3,2,2,0,2,1,3,5,2,1,24.65
2,1,7,2,5,2,0,1,2,6,4,1,1,24.65
1,2,1,3,2,2,0,1,2,4,2,3,2,0
1,5,4,4,2,2,0,1,2,3,3,3,1,17.98
2,4,1,1,3,2,0,2,2,7,5,3,1,94.63
1,4,7,3,2,1,2,2,1,4,1,2,2,0
2,4,8,4,5,2,0,2,2,4,2,2,1,51.91
2,2,3,2,1,2,0,2,2,2,3,2,1,72.74
1,6,6,1,3,1,2,2,2,3,2,1,2,0
2,6,8,3,3,2,0,2,1,3,2,3,1,92.93
1,1,2,4,4,2,0,1,1,7,5,2,2,0
1,5,3,4,4,2,0,1,1,1,2,2,1,49.28
2,2,9,2,1,1,2,2,1,3,1,2,1,24.65
1,4,7,2,1,1,4,2,1,1,4,3,1,81.39
1,5,7,3,3,1,4,1,1,7,1,1,2,0
1,5,7,3,3,1,1,1,2,5,5,3,1,64.43
2,6,6,2,5,2,0,1,2,6,5,2,1,24.65
1,3,3,2,3,2,0,1,2,1,4,1,2,0
2,3,2,1,5,2,0,2,1,1,4,1,1,13.29
2,6,1,2,3,1,2,2,2,7,2,3,1,24.65
2,4,4,4,4,2,0,2,1,6,2,1,1,93.56
1,4,4,1,3,2,0,1,1,3,5,2,1,33.05
2,2,3,1,2,2,0,2,1,3,2,3,1,24.65
1,6,1,3,1,1,1,1,2,1,4,3,1,90.4
1,6,3,1,1,1,1,2,2,1,1,2,2,0
1,1,9,4,4,1,1,1,2,4,3,2,1,53.1
2,2,8,1,5,1,4,1,1,3,5,1,1,24.65
1,4,8,3,1,1,2,1,2,7,4,2,1,42.22
2,5,1,2,3,1,2,1,2,2,2,1,1,24.65
1,3,9,1,1,2,0,2,2,1,2,1,1,55.79
1,3,2,4,4,2,0,1,2,1,2,3,2,0
1,2,5,4,1,1,4,1,1,2,5,3,2,0
1,5,2,2,3,1,3,2,1,4,1,1,1,82.36
2,6,4,2,5,1,2,2,1,1,2,1,1,57.26
2,2,5,2,3,1,4,2,1,6,4,1,1,24.65
2,3,5,4,4,1,2,2,1,2,2,2,1,59.59
2,5,5,4,1,1,3,2,2,6,4,2,1,24.65
1,5,5,1,1,2,0,2,1,3,2,1,1,78.1
1,5,2,2,1,2,0,1,2,4,2,1,2,0
2,6,7,3,4,2,0,2,2,6,5,3,1,37.29
2,2,9,4,1,1,3,2,1,1,4,1,1,24.65
2,3,9,1,5,2,0,1,2,4,3,3,1,24.65
2,5,5,3,2,1,3,2,2,6,4,2,1,31.84
2,4,4,4,2,2,0,1,1,4,5,1,1,80.18
2,4,5,4,5,1,2,1,1,3,5,3,1,24.65
2,4,3,4,2,1,3,1,1,5,4,2,1,91.37
2,3,7,1,1,2,0,1,2,4,1,2,1,24.65
1,4,5,1,5,2,0,2,2,5,2,3,1,75.26
1,4,9,3,1,2,0,1,1,2,2,3,2,0
2,3,3,1,1,2,0,1,2,4,3,2,1,24.65
2,3,9,2,5,1,3,2,1,3,5,1,1,24.36
2,1,9,4,4,1,1,2,2,1,3,2,1,24.65
2,5,7,4,5,1,2,1,2,7,1,3,1,24.65
1,4,1,3,5,1,4,2,2,2,2,3,1,97.94
2,4,5,4,5,1,1,2,1,1,4,3,1,59.82
1,1,3,3,3,2,0,1,2,7,3,3,2,0
2,2,1,3,1,2,0,2,1,2,1,3,1,63.45
1,5,4,4,3,2,0,1,1,5,1,3,1,99.9
2,3,9,3,3,1,2,1,1,6,2,1,1,96.69
1,5,1,3,1,2,0,1,1,6,5,1,1,77.91
1,6,1,3,1,1,3,2,2,7,3,2,2,0
1,5,4,4,3,1,4,2,1,5,4,1,2,0
1,5,4,4,1,2,0,1,1,6,2,3,2,0
1,5,7,2,2,2,0,2,2,4,3,3,1,54.84
2,5,8,4,5,1,3,2,1,5,1,3,1,78.96
2,1,1,3,4,1,1,2,2,1,3,1,1,24.65
1,3,6,1,5,1,1,2,1,5,4,1,2,0
2,3,3,3,2,2,0,2,1,4,3,3,1,46.11
2,6,2,1,1,2,0,2,1,2,4,3,1,24.65
1,5,1,3,5,2,0,1,1,1,2,2,1,38.49
2,2,8,3,2,2,0,1,1,5,1,1,1,78.39
1,3,1,3,2,1,3,2,1,6,3,1,2,0
1,2,2,3,3,2,0,1,1,1,4,2,2,0
2,1,1,2,4,2,0,2,1,3,1,2,1,24.65
2,4,3,1,2,2,0,1,2,2,2,2,1,24.65
2,6,3,1,5,1,4,1,2,4,5,3,1,24.65
1,3,2,1,1,2,0,2,1,5,3,3,1,90.96
2,1,7,3,2,2,0,2,2,2,2,1,1,76.36
1,4,7,1,3,1,1,2,2,4,2,1,2,0
1,5,3,4,4,1,3,2,1,3,3,2,2,0
2,1,9,1,2,2,0,2,1,1,1,3,1,17.48
2,2,7,4,5,1,1,1,2,1,4,2,1,24.65
2,1,8,2,2,1,3,2,1,6,3,2,1,24.65
2,6,8,4,1,1,1,1,2,5,4,2,1,24.65
2,2,8,2,1,2,0,2,2,1,3,3,1,24.65
1,2,6,4,4,1,1,2,2,4,2,2,2,0
2,5,9,3,4,1,2,2,1,2,2,3,1,24.65
2,2,3,4,3,1,3,2,2,6,2,2,1,24.65
2,6,8,3,1,1,3,1,2,5,2,2,1,24.65
1,2,8,3,4,1,4,2,2,5,5,1,2,0
2,3,2,3,4,2,0,2,1,7,4,1,1,40.59
1,2,4,4,2,1,3,1,2,4,3,1,2,0
1,3,5,3,3,2,0,2,1,3,3,2,2,0
2,5,5,4,2,1,4,2,2,6,5,2,1,13.82
2,2,6,4,1,2,0,2,2,4,1,3,1,26.06
1,6,4,2,5,1,3,1,2,6,1,2,2,0
2,4,7,3,1,2,0,2,2,1,5,3,1,47.76
2,2,3,2,2,1,1,1,1,1,5,1,1,22.54
1,5,6,4,3,1,4,1,1,3,5,3,2,0
1,4,6,4,4,2,0,2,1,5,3,3,2,0
2,5,6,2,5,1,4,1,1,1,2,3,1,46.14
1,6,8,2,2,1,2,1,2,7,2,1,1,26.21
1,6,7,3,3,1,3,2,2,1,3,1,2,0
2,1,9,1,2,1,2,2,2,4,2,3,1,68.12
1,4,2,4,4,2,0,2,1,1,1,3,1,25.73
1,3,7,4,3,1,2,2,1,7,5,3,1,38.08
2,6,9,3,1,2,0,1,1,3,1,3,1,24.65
1,1,8,3,2,1,3,2,2,7,4,2,1,21.6
1,4,1,1,4,2,0,1,2,4,5,3,1,80.24
2,1,5,2,3,1,2,1,1,2,2,1,1,77.28
2,6,5,3,4,2,0,2,2,4,3,1,1,44.84
2,1,4,3,2,1,2,2,2,6,3,3,1,26.78
2,3,3,3,1,1,1,2,1,7,1,3,1,30.36
2,4,4,2,1,2,0,1,1,2,2,3,1,51.65
2,6,4,4,2,1,4,1,1,7,3,3,1,24.65
1,2,9,2,3,2,0,2,2,3,5,3,2,0
2,3,9,1,5,2,0,1,2,7,1,1,1,24.65
2,5,4,2,2,1,3,2,1,5,2,2,1,42.6
2,1,3,1,1,1,1,1,1,2,1,3,1,24.71
2,3,3,2,2,2,0,2,2,3,3,1,1,81.08
1,5,7,3,4,2,0,1,1,7,2,2,1,52.04
2,3,8,2,4,2,0,1,2,7,4,2,1,24.65
1,6,9,3,4,2,0,2,2,7,4,3,2,0
1,2,4,1,1,2,0,1,2,5,2,2,1,60.58
1,1,4,2,2,1,1,2,2,1,1,2,1,26.76
1,2,3,1,5,2,0,1,2,3,2,3,2,0
1,4,2,3,4,1,4,2,1,3,4,1,2,0
2,3,2,3,1,1,4,1,2,1,4,3,1,48.1
1,6,2,3,4,2,0,1,1,3,2,2,1,40.69
2,2,6,1,2,1,4,1,1,7,4,2,1,75.96
1,4,4,3,4,2,0,2,1,6,1,3,2,0
1,6,8,3,3,2,0,2,1,5,4,1,2,0
2,2,1,2,3,2,0,2,2,7,5,2,1,24.65
1,5,7,1,5,2,0,1,1,2,1,2,2,0
1,4,5,3,5,2,0,2,2,2,3,1,1,66.1
2,2,4,3,2,1,4,2,2,2,1,2,1,70.14
2,6,2,4,3,2,0,1,1,6,5,3,1,24.65
2,2,6,4,5,1,1,1,2,3,4,1,1,24.65
1,3,2,4,3,2,0,1,2,1,3,1,2,0
2,6,4,3,4,2,0,2,1,6,2,2,1,24.65
2,2,5,1,4,2,0,1,1,5,4,1,1,24.65
1,1,2,1,5,1,4,1,1,3,4,2,1,40.89
1,2,8,2,4,1,4,2,1,1,4,3,1,40.98
1,4,2,2,3,1,1,1,1,7,3,3,1,88.97
2,6,5,3,5,2,0,2,1,5,4,2,1,78.05
1,4,5,3,1,1,2,1,1,1,1,3,1,80.28
1,6,8,3,1,1,1,1,2,3,4,2,1,91.8
1,2,4,4,3,2,0,1,2,3,4,2,1,87.36
2,1,4,3,1,1,2,1,2,1,1,3,1,24.65
2,5,6,4,2,2,0,1,2,6,2,1,1,24.65
1,1,1,2,3,2,0,1,2,4,2,3,1,49.43
2,2,8,1,1,2,0,2,2,7,4,1,1,24.65
2,5,2,4,4,1,1,1,2,4,5,3,1,24.65
2,1,8,4,5,2,0,1,2,6,1,1,1,24.65
1,1,2,1,5,1,1,2,1,7,3,3,1,14.16
2,6,2,3,4,2,0,1,1,3,1,2,1,24.65
1,2,7,4,5,2,0,1,1,6,4,2,1,58.5
1,1,8,4,1,2,0,1,1,5,5,3,1,74.99
2,6,5,2,4,1,1,2,2,5,2,2,1,29.79
1,5,7,3,4,1,1,1,2,1,1,1,2,0
2,4,1,2,2,1,3,2,2,6,1,2,1,72.84
1,3,5,2,5,1,4,1,2,3,1,3,2,0
1,1,7,2,3,2,0,2,1,1,2,3,1,76.83
1,3,6,4,4,2,0,1,1,7,1,3,2,0
1,5,6,3,3,2,0,2,1,7,4,1,1,79.26
2,2,2,1,1,2,0,1,1,2,3,2,1,62.08
2,3,7,2,4,1,3,2,1,3,5,1,1,24.65
1,3,1,1,4,2,0,2,2,3,5,3,1,39.03
2,3,8,2,4,2,0,1,1,5,4,2,1,24.65
2,4,3,1,3,2,0,2,1,6,1,1,1,24.65
2,6,1,2,2,1,2,1,1,3,1,1,1,24.65
1,6,7,2,2,2,0,2,1,1,5,2,2,0
2,2,2,1,5,1,3,1,1,1,2,2,1,94.68
2,1,4,2,2,2,0,1,2,6,2,1,1,24.65
2,6,3,4,2,2,0,2,2,5,1,3,1,24.65
1,4,1,3,1,1,2,2,2,6,2,1,1,35.55
2,4,8,4,2,1,1,1,2,1,2,3,1,24.65
1,4,3,4,5,1,1,2,1,1,3,2,1,32.2
2,5,6,1,5,1,1,1,1,4,4,3,1,24.65
1,1,3,2,2,1,4,1,2,2,1,3,2,0
2,3,2,1,2,1,4,1,2,2,3,2,1,91.73
2,3,6,4,5,1,3,2,2,2,3,3,1,94.06
2,1,4,2,1,2,0,2,2,1,4,3,1,24.65
2,6,5,1,5,1,1,1,2,1,2,1,1,24.65
1,4,9,1,3,2,0,2,1,3,2,3,1,99.37
1,4,9,1,4,2,0,1,2,2,5,2,2,0
2,4,3,1,1,1,2,1,1,2,1,1,1,11.08
1,6,1,2,3,2,0,2,2,1,1,1,2,0
2,5,9,3,2,2,0,2,2,6,5,1,1,56.37
1,6,6,1,1,1,2,2,1,2,4,2,2,0
2,6,2,2,1,1,2,2,1,5,5,3,1,24.65
2,1,8,4,1,2,0,1,1,7,5,2,1,24.65
1,3,3,3,3,2,0,1,2,5,5,3,2,0
2,3,6,4,5,2,0,1,2,3,3,3,1,21.47
2,1,6,2,2,2,0,1,1,6,4,1,1,75.96
1,3,5,1,1,2,0,2,2,1,4,3,2,0
2,6,8,4,2,2,0,2,2,6,3,2,1,24.65
1,1,3,1,2,1,3,2,1,2,3,3,1,69.51
2,1,9,2,3,2,0,2,2,2,2,3,1,17.17
2,3,6,1,1,2,0,2,2,4,2,2,1,13.05
2,6,9,4,4,2,0,1,1,3,4,2,1,24.65
1,5,6,1,1,2,0,2,1,3,2,2,2,0
1,6,4,2,4,2,0,1,2,1,5,3,1,11.44
2,5,7,2,5,1,3,2,2,1,1,3,1,24.65
1,6,3,1,5,2,0,2,1,2,2,3,2,0
1,6,9,1,2,1,2,1,2,4,1,1,1,79.25
1,6,7,2,4,1,2,2,1,3,2,3,2,0
2,6,9,3,1,2,0,2,2,6,3,3,1,68.97
2,5,2,4,1,2,0,1,1,7,5,2,1,24.65
1,4,2,4,3,1,3,1,2,4,3,3,2,0
2,1,5,2,1,1,3,1,1,7,2,2,1,52.26
2,6,1,1,5,2,0,1,2,5,3,1,1,24.65
1,1,2,2,2,1,2,2,1,3,4,1,1,61.55
1,1,2,2,2,2,0,1,1,3,3,3,1,67.22
1,6,8,1,2,1,4,2,1,6,4,3,1,64.4
2,4,9,2,3,1,4,1,2,4,5,1,1,24.65
1,5,9,1,2,1,2,2,2,5,1,2,1,11.93
2,6,3,3,5,1,2,2,2,4,5,2,1,24.65
1,6,4,4,5,1,1,2,2,7,5,2,1,73.09
1,2,2,4,3,2,0,2,1,4,5,3,2,0
1,3,7,4,4,2,0,2,1,5,3,2,1,29.77
2,5,4,4,1,2,0,1,1,1,5,3,1,24.65
1,5,3,2,2,2,0,2,2,1,2,1,1,73.17
1,3,2,1,2,1,1,2,1,1,2,3,2,0
1,3,3,4,2,2,0,1,2,3,3,2,2,0
2,5,9,2,3,2,0,2,1,2,2,1,1,77.33
2,2,9,4,4,1,4,1,1,3,5,2,1,24.65
2,1,8,2,3,1,1,1,2,2,3,2,1,24.65
2,5,5,3,3,1,4,1,2,6,1,2,1,24.65
2,6,1,3,2,2,0,1,2,2,3,3,1,24.65
2,2,8,4,3,1,3,2,1,3,2,3,1,66.4
1,1,7,2,3,2,0,2,1,7,4,3,2,0
2,4,6,1,1,2,0,2,1,2,4,2,1,37.74
1,4,4,2,5,1,3,2,1,5,3,3,2,0
1,4,6,4,3,2,0,1,1,2,5,3,1,67.55
1,3,6,3,3,1,2,2,1,3,3,3,2,0
2,2,1,1,5,1,1,2,1,3,3,1,1,24.65
2,5,1,2,5,2,0,2,2,6,1,2,1,55.7
1,6,7,3,5,2,0,2,2,6,1,3,1,63.97
1,4,2,2,5,1,4,2,2,5,4,3,2,0
1,5,4,1,3,2,0,1,1,4,2,2,2,0
1,4,7,1,2,2,0,1,1,6,5,3,1,71.13
1,2,4,1,4,1,3,1,2,6,2,2,2,0
2,1,7,3,2,2,0,1,2,7,1,1,1,24.65
2,4,4,1,3,2,0,1,2,5,4,1,1,24.65
2,3,4,4,3,1,3,1,1,5,1,3,1,24.65
2,4,7,2,2,1,2,1,2,5,1,3,1,83.88
1,3,5,1,3,1,4,1,2,1,1,1,2,0
2,2,1,2,3,1,3,2,1,5,5,2,1,89.68
2,2,8,4,3,1,3,1,2,3,3,2,1,24.65
2,6,5,2,4,1,1,1,2,5,2,3,1,72.22
2,6,1,1,4,2,0,2,1,2,2,2,1,32.29
2,2,5,1,2,1,3,1,1,5,4,3,1,24.65
2,3,8,2,5,1,3,2,2,4,1,2,1,24.65
2,4,6,1,5,2,0,1,1,4,4,1,1,36.83
2,1,5,2,5,2,0,1,2,6,4,1,1,24.65
2,3,2,3,5,2,0,2,1,4,1,3,1,42.76
2,3,5,1,1,1,3,1,1,1,5,3,1,63.56
2,6,8,1,2,2,0,2,1,6,4,3,1,85.67
2,1,8,3,2,2,0,1,1,5,2,3,1,24.65
1,4,8,4,2,2,0,1,1,7,4,2,1,48.06
1,2,5,4,3,2,0,2,2,6,5,2,2,0
1,1,7,3,3,1,4,1,2,3,5,1,2,0
2,2,8,3,5,1,1,1,1,5,2,2,1,56.17
2,5,4,2,3,2,0,2,1,4,1,3,1,93.32
1,4,6,3,3,1,1,1,2,1,3,1,1,47.56
2,3,2,4,4,2,0,2,1,3,1,1,1,95.64
1,6,5,1,4,2,0,1,1,7,3,3,2,0
1,6,4,2,2,2,0,2,1,7,1,3,2,0
1,2,4,4,5,2,0,2,2,4,5,3,2,0
1,6,6,2,5,1,1,2,1,7,5,2,1,52.05
2,5,5,3,4,1,1,2,1,2,5,2,1,24.65
2,5,4,3,2,2,0,1,1,4,4,1,1,24.65
1,4,4,1,2,1,2,1,1,2,4,3,2,0
2,1,4,4,3,2,0,1,2,7,3,3,1,21.42
1,2,9,2,1,2,0,1,1,4,5,1,1,33.29
1,3,8,3,5,1,2,2,1,3,4,2,1,90.86
2,1,1,4,3,1,4,2,2,1,2,3,1,46.57
1,3,9,3,4,2,0,2,2,7,3,2,1,66.87
2,4,6,1,1,1,2,2,2,6,4,3,1,93.66
1,6,8,1,4,1,4,1,1,1,4,1,1,49.38
2,6,9,3,2,1,2,2,2,6,1,1,1,84.66
1,3,1,4,2,2,0,2,1,6,4,3,2,0
1,1,9,2,5,2,0,1,1,6,5,2,2,0
2,1,7,2,5,1,4,1,1,6,1,2,1,24.65
1,6,8,2,2,1,3,1,2,1,5,1,2,0
2,5,8,4,5,1,1,1,1,6,1,1,1,24.65
2,4,1,2,1,1,4,1,1,4,5,1,1,24.65
2,3,6,3,3,2,0,2,1,1,1,1,1,24.65
1,5,6,2,3,2,0,1,1,5,5,3,1,81.81
1,1,4,2,1,2,0,2,1,6,4,3,1,60.32
2,3,8,4,2,2,0,2,1,5,5,2,1,24.65
2,4,2,2,4,2,0,2,2,3,5,3,1,24.65
1,1,1,1,4,1,3,1,1,2,2,3,2,0
1,6,2,1,3,1,2,2,1,7,1,1,2,0
2,3,8,4,3,1,2,1,1,4,4,3,1,24.65
1,6,7,3,3,1,3,2,1,5,5,2,1,27.73
1,6,7,3,4,1,1,2,1,4,2,1,1,76.75
1,2,2,1,5,1,1,1,1,6,3,2,1,76.9
2,4,8,1,5,2,0,1,2,2,1,1,1,24.65
2,6,1,4,2,2,0,2,2,3,3,2,1,24.65
1,2,5,2,1,2,0,2,1,1,1,3,1,75.01
1,4,1,2,2,2,0,2,2,1,5,3,2,0
1,1,9,4,1,2,0,2,1,5,4,1,1,75.34
2,6,2,1,4,2,0,2,1,4,5,1,1,39.33
1,3,8,4,2,2,0,1,2,1,4,3,1,47.69
1,5,9,3,4,2,0,2,1,2,1,2,2,0
2,6,4,3,3,2,0,2,1,4,5,1,1,26.88
1,4,3,4,3,1,4,2,1,1,5,3,2,0
1,3,2,3,5,2,0,2,2,5,5,3,2,0
1,3,4,2,1,2,0,1,2,6,3,2,1,61.82
1,3,1,2,3,1,2,1,1,4,4,1,2,0
2,2,2,3,4,1,2,2,2,1,5,3,1,90.81
2,3,1,2,4,2,0,1,2,2,2,3,1,24.65
1,1,7,2,2,2,0,2,2,6,2,3,2,0
1,3,2,3,5,1,1,2,2,4,1,2,1,27.99
2,2,7,4,2,2,0,2,2,4,2,2,1,24.65
2,1,5,2,1,1,3,2,2,7,3,2,1,50.57
2,6,1,2,5,2,0,2,1,1,4,2,1,24.65
2,5,6,1,1,1,4,2,1,4,2,3,1,80.39
1,3,8,3,2,1,4,2,1,7,1,1,1,99.29
2,6,6,1,4,2,0,2,1,4,5,2,1,68.23
2,2,7,4,5,1,4,1,2,6,5,3,1,73.95
1,4,5,2,1,2,0,2,1,4,5,1,1,92.64
2,3,6,2,3,2,0,1,2,7,4,2,1,24.65
1,4,7,4,5,2,0,2,2,3,1,1,1,24.19
2,1,5,2,2,1,4,1,2,3,1,1,1,70.1
1,5,1,2,5,2,0,2,1,2,5,3,1,44.98
2,5,7,4,1,1,4,2,1,6,1,2,1,55.48
2,1,9,2,2,2,0,2,1,1,4,2,1,24.65
2,3,3,4,4,2,0,1,1,1,2,1,1,71.67
1,3,4,4,4,2,0,2,2,5,1,3,1,34.91
2,4,6,3,4,2,0,1,1,3,2,1,1,49.83
1,1,7,2,4,2,0,2,1,7,1,2,1,15.22
1,5,8,4,4,1,3,1,1,5,3,1,1,26.95
2,3,1,4,2,1,2,1,1,1,4,3,1,41.44
1,1,5,3,2,1,1,1,2,3,4,3,2,0
1,6,8,1,3,1,4,2,1,2,2,2,2,0
1,4,6,4,4,2,0,1,2,3,2,1,2,0
1,6,4,2,2,2,0,2,1,3,3,3,1,52.37
1,5,6,1,5,1,3,1,2,5,2,1,2,0
2,6,5,2,1,1,2,1,1,6,5,1,1,24.65
2,5,5,2,4,2,0,2,1,4,3,1,1,24.65
2,6,9,4,1,1,1,2,1,4,5,2,1,98.5
1,6,6,1,4,1,3,2,1,1,2,3,1,19.74
2,4,2,1,5,2,0,1,1,7,2,1,1,24.65
2,3,2,3,5,1,3,2,2,4,5,3,1,30.08
2,2,5,3,4,1,1,1,1,3,1,2,1,24.65
1,4,6,4,3,2,0,1,2,4,1,3,1,65.41
1,4,5,2,5,1,3,1,1,3,5,2,1,52.23
1,5,7,4,2,2,0,2,2,5,3,1,2,0
1,6,5,2,3,1,1,1,2,4,3,2,1,51.88
1,4,2,2,2,1,3,1,1,7,1,2,1,95.03
2,2,7,4,1,2,0,1,1,4,2,3,1,24.65
2,5,4,2,3,2,0,1,2,5,3,3,1,77.05
2,3,7,1,5,1,2,1,2,3,2,2,1,24.65
1,6,3,1,4,2,0,2,2,4,2,1,1,73.26
2,6,7,1,2,2,0,2,2,4,5,2,1,24.65
1,1,6,3,1,1,3,2,2,5,3,1,2,0
1,4,5,3,1,2,0,1,1,4,1,1,1,90.35
2,2,3,3,5,2,0,1,1,7,3,2,1,24.65
2,4,9,2,1,2,0,2,1,5,5,2,1,24.65
2,6,3,1,3,2,0,2,2,2,4,2,1,24.65
2,3,5,2,2,1,4,2,1,2,3,2,1,24.65
1,4,7,3,4,2,0,2,1,1,3,3,2,0
1,2,5,2,5,1,3,1,2,5,3,2,2,0
2,1,6,1,3,2,0,1,1,7,1,3,1,64.98
1,5,1,1,5,2,0,2,2,5,4,1,1,40.53
1,4,8,2,5,1,1,2,1,4,3,1,2,0
1,3,8,3,2,2,0,2,1,3,4,1,2,0
1,4,3,3,4,1,4,1,2,1,1,1,2,0
2,4,3,2,5,1,4,2,2,4,5,3,1,51.73
1,4,8,4,2,2,0,1,1,6,4,3,1,27.88
1,3,4,2,1,1,1,1,1,4,1,3,1,28.38
1,4,5,3,1,2,0,1,1,1,1,3,2,0
2,2,8,3,4,1,1,1,1,1,3,2,1,24.65
2,6,4,2,3,2,0,2,1,7,3,1,1,94.57
2,5,9,1,4,1,3,1,1,1,5,2,1,48.72
1,2,1,3,4,2,0,2,1,2,5,2,1,22.47
1,3,8,3,1,1,4,1,2,4,1,2,1,20.05
1,4,4,4,3,1,3,1,1,2,5,2,1,51.72
1,4,1,4,4,2,0,2,1,6,4,2,2,0
1,1,9,2,5,2,0,2,1,1,2,1,2,0
1,6,9,4,2,2,0,1,2,6,3,2,2,0
1,5,3,4,5,1,3,2,2,4,3,2,2,0
2,1,3,4,2,1,1,1,2,3,1,1,1,63.6
1,3,2,4,5,2,0,1,2,1,3,3,2,0
2,1,4,3,5,2,0,2,2,3,1,2,1,22.38
2,4,7,2,2,2,0,1,2,5,3,2,1,24.65
1,6,9,3,3,2,0,2,2,6,3,2,2,0
2,3,3,2,3,2,0,2,1,1,3,1,1,74.36
1,1,1,3,5,2,0,1,2,3,4,1,2,0
1,5,3,4,4,1,4,1,2,3,5,1,1,48.16
1,5,9,2,3,1,4,1,2,3,3,3,1,17.5
1,3,1,3,1,2,0,1,1,6,4,3,2,0
2,3,9,4,2,1,1,1,2,4,2,1,1,57.39
2,4,4,3,3,1,4,2,1,6,5,2,1,65.61
1,3,5,3,5,1,1,2,1,1,2,1,1,74.13
2,3,1,1,5,2,0,2,2,4,2,2,1,64.1
2,1,6,1,4,1,4,2,2,3,4,2,1,82.7
1,4,7,4,2,1,2,1,2,1,2,3,1,13.32
2,4,7,4,5,1,2,2,1,2,5,2,1,24.65
2,3,3,1,1,1,1,2,2,6,4,3,1,24.65
2,5,5,1,5,2,0,2,1,7,3,1,1,24.65
2,3,5,2,3,2,0,1,2,4,2,1,1,24.65
2,1,2,4,3,1,4,1,2,1,3,2,1,24.65
1,1,6,1,1,1,1,1,2,3,3,3,1,66.06
1,5,7,4,2,1,1,1,2,7,2,1,2,0
1,5,6,2,2,2,0,1,2,2,3,2,1,39.32
2,5,3,3,4,2,0,2,1,4,3,1,1,99.06
1,5,3,3,2,1,3,1,1,5,2,1,2,0
2,2,3,4,4,2,0,2,2,6,2,1,1,24.65
2,3,3,3,4,1,3,2,2,5,5,3,1,56.92
1,5,8,2,5,1,4,2,2,3,5,2,1,37.92
1,2,8,4,2,1,4,1,2,6,3,2,1,39.6
1,4,9,2,4,2,0,2,1,1,2,3,2,0
2,3,7,3,5,2,0,1,2,6,3,3,1,48.53
2,2,5,4,2,1,1,1,1,7,1,1,1,22.91
2,2,4,2,5,1,4,1,1,6,5,1,1,64.84
2,6,6,3,4,2,0,1,2,1,4,3,1,24.65
2,6,8,1,4,2,0,1,2,6,1,2,1,87.83
1,1,6,3,4,1,4,1,1,4,4,1,1,64.82
1,1,2,3,2,2,0,1,1,6,2,1,1,91.5
1,5,3,3,2,1,4,1,2,4,3,1,2,0
2,4,6,1,3,2,0,1,2,2,3,3,1,24.65
2,4,7,2,2,2,0,2,2,4,2,2,1,24.65
1,1,4,4,5,1,1,1,2,4,4,1,1,56.09
1,2,3,4,2,1,2,1,1,2,2,2,2,0
2,3,6,4,2,2,0,2,2,4,1,3,1,22.81
2,1,6,3,2,2,0,2,2,2,4,2,1,14.98
2,4,6,1,5,1,3,1,1,7,1,1,1,11.27
1,4,7,3,2,1,2,2,2,1,3,3,1,60.82
1,6,6,1,2,2,0,1,1,5,5,3,2,0
1,5,7,1,3,1,3,1,2,3,3,1,2,0
2,3,5,2,1,2,0,2,1,1,5,1,1,24.65
1,1,5,4,1,1,3,2,2,2,3,2,2,0
2,4,5,2,5,2,0,2,2,4,2,1,1,24.65
2,6,4,4,5,2,0,1,1,1,1,1,1,83.79
2,6,2,2,1,2,0,1,1,7,5,3,1,54.9
1,5,3,2,1,1,4,1,2,4,3,1,2,0
2,6,6,1,4,2,0,2,1,5,3,2,1,86.87
2,1,4,1,4,1,4,1,1,3,5,2,1,89.52
2,2,8,2,1,1,2,1,1,1,1,2,1,24.65
1,1,1,2,5,1,2,2,2,2,2,1,1,42.25
2,2,4,3,2,1,4,1,2,4,5,3,1,24.65
2,2,8,4,1,1,2,1,1,6,4,2,1,36.25
2,2,7,3,3,1,2,1,1,5,5,2,1,88.64
2,6,5,2,4,2,0,1,1,1,5,3,1,24.65
1,3,5,2,3,2,0,1,2,1,1,2,2,0
2,3,6,2,2,1,1,1,2,5,3,3,1,24.65
2,6,8,3,3,1,2,1,1,3,4,3,1,24.65
2,6,6,1,3,2,0,2,1,6,3,3,1,24.65
2,6,8,1,4,1,2,2,1,4,4,1,1,12.24
1,1,7,3,2,1,1,2,2,2,4,2,2,0
2,3,4,3,4,2,0,1,1,4,5,1,1,12.13
1,2,3,1,3,1,1,2,1,5,5,1,2,0
1,4,9,4,2,2,0,1,2,2,5,2,2,0
1,4,9,2,5,1,2,2,1,7,4,3,2,0
2,1,2,4,2,2,0,2,2,5,4,1,2,0
2,6,2,4,5,1,2,2,2,6,1,1,1,23.24
1,4,7,4,5,2,0,2,2,4,2,1,2,0
1,1,7,3,3,1,3,2,2,2,5,1,2,0
1,3,6,1,5,1,2,1,2,4,1,2,1,36.55
2,1,1,4,5,1,2,1,2,2,5,2,2,0
2,1,9,4,2,1,1,1,1,1,5,1,1,87.88
1,3,9,4,4,1,1,2,2,6,2,1,2,0
2,5,4,3,5,2,0,1,1,1,1,2,2,0
1,6,6,2,2,1,4,2,1,2,2,2,2,0
1,6,9,2,3,1,3,2,1,4,5,2,2,0
1,5,1,1,2,2,0,1,2,4,1,2,1,52.22
1,1,4,2,4,2,0,2,2,4,4,1,1,89.98
2,5,8,3,4,2,0,1,1,1,4,3,1,37.91
2,4,3,3,4,1,2,1,2,4,5,2,2,0
2,5,6,2,1,1,4,1,1,7,3,1,2,0
2,3,6,3,3,1,2,1,2,6,3,3,1,88.99
2,4,4,2,1,2,0,2,1,2,2,2,1,75.6
1,2,5,1,1,1,3,1,2,3,2,3,1,82.38
1,3,4,2,5,1,2,2,2,4,5,3,2,0
1,6,6,3,5,2,0,2,2,4,3,2,1,61.51
1,2,9,3,2,1,4,1,1,6,1,3,1,57.24
1,1,1,2,4,1,4,2,1,6,5,3,1,57.47
2,4,2,3,4,1,3,1,2,4,3,1,2,0
2,5,8,2,2,1,3,1,2,5,4,3,2,0
2,4,8,3,1,1,2,2,2,2,4,3,1,44.32
2,3,4,3,5,2,0,1,1,1,3,2,2,0
1,1,3,2,5,2,0,1,2,3,2,3,2,0
2,3,3,2,2,1,2,2,2,3,3,3,1,93.24
1,1,8,3,4,2,0,1,1,6,2,1,1,82.07
1,5,9,4,2,2,0,2,2,3,4,3,1,45.8
1,5,4,1,3,2,0,1,1,3,1,2,2,0
2,5,5,4,1,1,1,2,2,1,2,3,2,0
2,3,4,2,2,2,0,1,1,1,2,3,1,11.77
2,2,6,1,2,1,2,2,1,4,3,2,2,0
1,4,9,4,2,1,2,2,2,1,1,3,1,42.22
1,4,1,2,3,1,4,2,2,6,5,1,2,0
2,3,1,3,1,2,0,2,1,5,3,1,2,0
1,4,8,4,1,2,0,2,2,3,3,3,2,0
1,6,2,2,2,1,1,2,2,3,2,2,1,55.65
1,3,7,3,3,1,3,1,2,3,3,3,2,0
2,4,9,4,3,2,0,2,1,2,4,1,2,0
2,3,3,2,4,1,4,1,1,2,1,3,2,0
2,3,7,4,3,2,0,2,2,2,5,1,1,45.72
2,4,7,1,5,2,0,1,2,4,5,3,1,16.5
1,1,5,2,5,2,0,1,2,5,5,1,1,54.84
1,4,4,2,1,1,2,1,1,6,4,3,1,60.03
1,3,1,4,1,1,4,1,2,6,5,2,1,16.8
1,5,7,2,3,2,0,1,2,3,5,1,2,0
1,6,8,1,5,2,0,1,1,7,3,1,2,0
1,3,1,1,4,1,4,1,2,7,3,1,2,0
2,4,4,1,1,2,0,2,2,5,1,3,1,99.33
2,1,5,4,4,1,1,1,1,2,4,1,2,0
2,1,7,3,1,2,0,1,2,6,1,3,1,96.19
1,6,4,3,2,1,2,2,1,3,2,1,1,48.81
2,3,6,2,3,1,2,2,1,1,2,2,1,54.07
2,6,9,3,3,2,0,2,2,1,4,1,2,0
2,4,3,1,5,1,3,1,1,2,4,3,2,0
2,3,1,1,4,1,4,2,2,3,4,1,1,83.52
1,5,8,2,5,2,0,1,2,4,4,2,1,97.18
2,6,4,3,3,2,0,2,1,2,1,2,1,56.44
1,6,1,4,2,1,2,2,2,1,2,1,1,45.62
1,1,1,1,1,2,0,1,1,6,1,3,2,0
2,1,2,1,5,2,0,1,2,5,5,3,2,0
1,1,1,3,4,1,3,2,1,3,5,3,1,49.19
1,6,5,2,1,2,0,2,2,3,1,1,1,65.44
1,1,7,1,2,2,0,1,1,7,2,2,1,55.65
2,3,5,3,5,2,0,2,1,4,3,2,1,36.21
2,4,8,4,1,1,3,2,1,5,5,3,1,22.17
1,1,2,1,2,2,0,1,2,3,5,1,1,77.07
1,3,8,1,3,2,0,2,2,7,4,3,2,0
2,4,2,3,4,1,1,2,2,5,5,3,2,0
2,5,3,2,1,2,0,2,2,5,1,2,2,0
1,6,3,3,1,1,1,1,1,7,4,3,2,0
1,4,8,1,2,1,3,2,1,5,4,2,2,0
1,1,6,2,4,1,2,1,1,4,5,2,2,0
2,1,8,3,5,1,1,1,2,1,1,3,1,73.39
2,5,5,1,1,1,4,1,2,4,2,3,2,0
2,6,2,2,2,2,0,1,1,3,2,1,1,76.31
2,5,6,1,2,1,4,2,2,6,2,3,2,0
2,2,3,4,5,1,3,1,2,1,5,3,1,26.75
2,1,9,4,3,1,3,2,1,6,2,3,2,0
1,1,7,1,1,1,1,1,2,1,5,3,1,44.26
1,3,5,3,4,2,0,2,2,2,3,3,1,35.37
2,4,5,1,4,1,3,1,1,1,4,1,1,91.84
1,1,6,4,2,2,0,2,1,2,3,2,2,0
2,1,8,1,4,1,1,1,1,5,3,2,1,44.3
2,6,2,4,3,1,3,1,2,3,1,2,1,28.56
1,3,1,3,4,1,3,2,1,7,1,1,1,44.29
1,3,3,4,5,1,4,1,2,1,2,2,2,0
1,2,3,1,1,1,3,1,1,6,2,2,1,83.89
2,4,6,1,5,2,0,1,1,1,1,2,1,39.19
2,3,7,2,4,1,3,1,1,6,4,2,1,90.43
1,2,7,1,1,2,0,2,2,2,3,2,1,35.11
2,2,1,4,3,1,1,2,2,2,5,1,1,69.42
1,1,3,2,3,2,0,1,1,5,5,3,2,0
2,3,2,3,2,1,2,2,2,5,4,2,1,82.37
1,5,8,1,4,2,0,1,1,4,4,3,2,0
2,4,1,2,4,1,2,1,1,5,3,2,2,0
1,1,9,1,3,1,2,2,2,4,3,2,2,0
2,3,1,1,5,2,0,1,1,5,2,3,1,81.08
1,6,7,1,2,1,2,1,1,2,2,3,1,69.87
2,6,8,4,1,2,0,2,2,2,5,3,1,19.65
1,3,2,2,2,1,3,2,1,4,4,1,1,76.34
2,1,3,3,5,1,4,1,2,2,2,1,1,26.55
2,3,5,3,4,2,0,1,1,5,2,3,1,74.9
2,2,1,4,4,1,1,1,1,2,2,2,2,0
1,3,1,4,1,1,3,1,1,6,3,3,2,0
2,2,4,2,2,2,0,1,2,2,1,1,1,23.91
1,3,7,3,2,2,0,2,1,7,1,2,1,55.12
2,1,6,3,4,2,0,1,2,4,5,3,2,0
1,2,8,2,2,2,0,2,2,3,4,2,2,0
2,2,4,4,2,2,0,1,1,1,4,3,2,0
2,2,1,2,4,2,0,1,1,7,5,2,1,80.31
1,4,3,1,2,1,4,2,2,6,5,2,1,78.04
1,5,7,3,3,2,0,1,1,5,2,3,2,0
2,1,4,2,5,2,0,1,2,7,2,3,2,0
1,2,1,1,3,2,0,1,1,3,4,2,2,0
1,5,7,1,5,1,3,2,1,4,1,3,2,0
1,6,8,3,5,2,0,2,1,3,2,3,1,28.32
1,6,9,1,4,1,3,2,1,3,2,3,1,67.18
2,1,5,2,5,1,2,1,2,2,2,1,1,42.53
2,3,4,2,3,2,0,1,1,4,1,1,1,95.72
1,3,6,1,1,1,4,1,2,6,3,1,2,0
2,6,2,1,4,2,0,1,2,4,5,1,1,49.29
1,5,3,2,1,1,2,1,2,5,3,2,2,0
1,4,4,4,5,1,3,1,2,4,1,3,2,0
1,6,8,3,3,2,0,1,1,1,1,2,1,91.55
2,3,9,3,3,2,0,1,1,3,1,2,2,0
1,5,3,2,2,2,0,2,2,1,1,1,2,0
2,2,2,2,1,1,1,1,2,6,3,2,2,0
1,5,1,1,3,2,0,2,2,4,1,3,2,0
2,6,7,1,4,1,2,2,1,6,5,3,1,83.51
1,1,5,1,2,2,0,1,1,2,4,1,1,51.13
1,3,3,2,2,1,4,1,1,5,5,2,2,0
2,2,1,3,4,2,0,1,1,4,4,2,1,34.7
1,5,2,2,4,1,2,1,1,1,2,1,1,92.46
1,5,9,4,1,2,0,1,2,2,1,3,2,0
2,3,5,3,1,2,0,2,1,5,4,1,1,74.91
2,4,6,2,1,1,4,1,2,2,5,1,2,0
2,3,3,2,5,1,4,1,2,6,1,2,1,42.75
2,1,4,1,1,1,3,1,2,7,1,3,2,0
2,2,9,3,1,1,2,1,2,1,1,1,1,80.98
2,3,6,4,5,1,4,1,2,6,2,2,1,89.01
1,4,5,2,5,1,2,2,2,2,3,3,1,60.67
1,1,8,4,5,1,1,2,2,4,4,3,1,82.42
2,4,5,3,2,1,1,1,2,2,2,3,2,0
1,4,9,2,1,1,2,2,2,6,3,3,2,0
2,6,5,1,3,2,0,1,2,5,1,2,2,0
1,6,4,1,3,2,0,2,1,1,2,1,1,28.16
1,1,3,4,1,1,2,2,1,2,4,3,1,88.79
2,3,1,1,4,2,0,2,1,3,4,3,2,0
1,4,1,1,5,2,0,1,2,7,2,1,1,40.7
1,6,1,2,4,1,2,1,2,7,3,3,1,70.57
1,5,9,3,5,1,2,2,1,5,5,2,2,0
1,3,1,4,2,2,0,1,1,5,5,3,2,0
2,1,8,2,5,1,3,1,1,1,5,2,1,99.32
1,3,1,1,4,2,0,1,2,4,5,2,1,54.99
2,4,8,1,2,2,0,2,1,5,4,2,2,0
2,6,9,4,5,2,0,2,2,5,4,2,1,78.58
2,2,6,4,1,2,0,2,2,1,5,1,2,0
2,1,8,4,2,2,0,1,2,4,4,2,1,38.05
2,3,4,3,2,1,1,2,1,5,2,2,2,0
2,1,5,4,4,1,3,2,2,3,1,1,1,93.58
1,4,5,3,2,2,0,2,2,2,3,2,1,79.25
2,5,9,1,2,2,0,1,2,7,4,1,2,0
1,2,6,2,4,2,0,2,1,3,1,3,1,87.02
1,2,7,2,5,2,0,2,2,5,5,1,2,0
2,4,6,1,3,2,0,2,1,5,2,1,2,0
1,2,5,2,3,2,0,2,1,6,4,1,1,38.82
2,6,9,3,5,2,0,1,2,7,5,2,2,0
1,5,4,3,5,1,2,2,1,2,2,1,2,0
2,3,4,3,1,1,3,1,2,6,5,3,2,0
1,6,7,3,5,2,0,1,2,6,4,3,2,0
1,4,5,3,4,1,2,2,2,7,1,1,1,86.94
1,4,4,3,5,1,3,2,2,4,5,1,2,0
2,1,8,1,1,2,0,1,2,2,4,3,2,0
1,5,1,2,1,2,0,1,1,7,2,1,1,99.51
2,3,6,1,1,1,4,1,1,3,2,1,2,0
1,1,1,4,5,2,0,1,2,3,2,2,2,0
2,2,7,2,5,2,0,2,1,6,4,1,2,0
2,3,1,2,2,2,0,2,2,1,3,3,1,48.86
2,2,6,1,2,2,0,2,2,3,3,1,2,0
1,4,7,3,4,2,0,1,2,5,5,1,2,0
1,6,6,4,3,1,1,2,1,4,5,1,1,41.02
2,6,1,4,2,1,1,1,1,6,3,3,1,49.98
1,5,9,2,5,1,2,2,2,2,4,1,2,0
2,1,8,4,5,2,0,1,2,5,5,2,1,70.48
1,2,6,2,1,1,2,1,1,4,2,1,1,14.45
1,3,8,4,1,1,1,2,2,6,3,3,1,13.12
2,3,4,4,5,2,0,1,2,2,2,2,2,0
2,5,4,4,2,1,1,2,2,4,5,3,1,63.42
2,5,3,4,5,2,0,1,2,7,3,3,2,0
1,3,9,3,1,1,2,1,1,4,1,1,1,87.59
1,1,5,3,4,1,1,1,1,5,3,1,1,47.89
2,3,6,1,3,2,0,2,2,4,3,2,2,0
1,4,2,4,1,2,0,1,2,6,5,2,1,65.52
1,5,4,4,3,1,3,1,1,6,3,2,1,47.81
1,2,9,3,4,1,1,2,1,6,2,1,2,0
1,5,1,2,5,1,2,2,1,1,1,1,2,0
2,2,6,1,5,2,0,1,1,6,1,2,1,95.37
1,3,5,1,3,2,0,2,1,1,4,1,1,43.83
2,2,4,3,4,2,0,1,2,4,1,3,1,53.41
2,3,8,1,5,2,0,1,1,6,3,2,1,34.04
2,2,1,2,3,2,0,2,2,6,2,2,2,0
1,1,9,2,1,2,0,2,2,5,2,2,1,48.92
2,2,8,2,5,1,4,2,1,7,5,3,1,48
1,5,6,2,1,2,0,2,1,5,1,2,1,31.82
1,4,6,2,2,2,0,2,1,5,4,1,1,12.41
2,6,6,2,4,1,4,1,1,5,3,1,2,0
2,4,7,1,5,1,2,2,1,4,2,2,1,81.44
2,2,2,2,5,2,0,1,1,3,4,1,2,0
2,6,2,3,3,2,0,2,2,2,2,3,2,0
1,1,5,4,3,1,1,1,2,5,3,2,1,99.42
1,6,4,4,2,1,1,2,2,1,3,2,1,30.68
2,4,8,1,1,2,0,1,1,4,3,1,1,88.86
1,4,4,2,5,1,1,1,2,3,3,3,1,84.77
1,4,1,3,1,1,4,1,2,4,2,3,2,0
1,6,2,2,3,2,0,2,2,2,3,1,2,0
1,6,6,3,4,1,3,1,2,7,1,2,1,77.94
2,1,1,3,3,1,2,1,1,4,4,3,1,82.8
2,6,6,2,3,1,4,1,1,5,2,3,1,95.61
2,3,7,2,4,2,0,2,1,5,5,1,2,0
1,2,9,1,1,2,0,1,1,5,5,3,1,28.28
1,2,3,2,2,2,0,1,2,7,4,3,2,0
2,1,3,2,5,2,0,1,1,3,1,3,1,79.03
1,3,9,3,2,1,3,1,1,7,1,3,1,25.33
2,4,5,2,1,1,3,1,1,1,5,1,2,0
2,6,4,4,3,1,2,2,1,7,3,3,1,11.45
2,6,7,1,2,1,1,1,1,3,2,2,1,72.17
2,1,2,1,1,1,4,2,1,3,2,2,1,18.16
1,2,6,3,4,1,2,1,2,3,2,3,1,97.38
1,3,7,1,4,2,0,2,1,7,5,1,1,84.48
1,5,4,2,2,2,0,2,1,3,5,3,1,47.51
1,1,8,4,4,1,2,2,1,7,2,2,2,0
1,5,8,2,4,2,0,2,2,4,5,3,1,34.34
1,5,4,3,5,1,2,1,2,1,4,2,1,69.22
1,1,9,3,3,2,0,1,1,7,5,3,2,0
1,2,3,1,4,2,0,2,2,7,5,1,2,0
2,1,3,3,2,1,1,1,1,6,1,3,1,84.94
1,3,3,1,1,1,3,1,1,4,2,3,1,87.51
1,1,4,3,1,2,0,1,2,2,5,1,1,14.32
1,5,8,2,5,1,2,1,2,2,4,3,1,84.45
2,1,3,4,5,2,0,1,1,4,1,1,1,99.39
2,3,7,2,2,1,4,1,1,7,1,3,1,92.95
1,2,7,2,3,1,4,1,1,7,4,1,1,87.48
1,4,9,4,5,2,0,1,2,2,4,2,1,66.26
2,3,8,2,1,2,0,2,2,3,4,2,2,0
2,6,4,1,3,1,1,1,1,6,2,3,1,46.37
2,2,1,1,5,2,0,1,1,7,4,1,2,0
1,4,4,1,4,2,0,2,2,4,1,3,2,0
1,5,4,1,4,2,0,2,1,1,4,1,2,0
1,6,4,3,1,2,0,1,2,7,5,2,2,0
1,4,6,4,5,1,4,1,2,5,4,2,1,32.81
2,5,3,1,4,2,0,1,1,1,5,1,1,63.61
2,1,8,3,4,2,0,1,2,2,2,3,2,0
2,1,4,2,3,2,0,1,2,3,2,3,2,0
2,5,3,2,3,2,0,2,2,2,3,1,2,0
2,1,3,2,3,2,0,1,1,6,1,1,2,0
2,5,1,2,2,1,2,2,1,4,2,1,1,42.7
2,3,4,4,3,1,2,1,2,4,4,2,1,65.73
1,5,7,1,3,2,0,2,1,5,4,3,1,93.52
2,3,9,3,4,2,0,1,1,3,2,2,1,57.92
1,6,9,4,1,2,0,1,1,6,2,3,1,54.77
2,4,7,4,3,2,0,1,2,7,1,1,1,93.59
1,4,6,1,3,1,3,2,2,6,4,2,1,34.7
2,4,9,3,3,1,1,1,2,5,1,1,2,0
1,4,4,1,1,2,0,1,2,5,3,3,2,0
2,1,8,1,3,1,1,1,1,2,1,1,2,0
1,5,8,2,5,2,0,1,1,3,1,1,2,0
1,6,7,4,1,2,0,1,2,3,4,2,2,0
1,5,4,3,5,2,0,1,2,3,2,3,1,29.47
1,1,7,2,5,2,0,2,1,7,2,1,2,0
2,5,7,2,5,2,0,1,2,6,5,3,2,0
2,1,6,2,4,2,0,1,1,2,5,1,1,94.6
2,4,1,3,5,2,0,2,1,4,5,1,2,0
2,5,7,2,2,2,0,2,1,2,2,3,1,24.95
2,1,4,2,4,1,2,2,1,5,1,2,2,0
2,4,2,3,2,1,2,1,2,7,1,1,1,31.27
2,2,8,3,2,2,0,2,1,7,5,2,1,71.29
1,5,3,3,4,1,4,2,2,4,3,2,2,0
2,6,8,4,3,1,4,1,2,1,3,1,1,21.72
1,3,4,2,2,1,4,2,1,1,3,1,2,0
2,5,2,2,3,1,3,1,1,5,3,1,1,55.52
2,2,8,4,3,2,0,2,2,7,5,2,2,0
2,5,4,3,3,1,4,1,2,7,2,1,2,0
1,6,1,3,5,2,0,1,2,6,2,2,2,0
1,3,9,4,1,1,3,1,2,4,3,3,2,0
2,2,6,1,4,1,2,2,1,3,5,1,2,0
1,5,1,4,1,1,1,2,2,6,2,2,1,69.71
1,3,6,2,2,2,0,1,2,3,4,3,1,25.43
1,5,4,4,4,1,2,2,1,5,5,3,2,0
1,1,9,3,1,2,0,2,1,4,2,2,1,70.41
2,6,7,2,5,2,0,2,1,5,5,2,1,96.75
2,4,7,4,4,2,0,1,1,1,2,2,2,0
1,1,1,1,5,2,0,2,1,2,2,2,2,0
1,2,2,4,2,2,0,1,2,2,5,2,2,0
2,3,1,1,5,2,0,2,1,7,4,1,2,0
1,3,2,1,2,2,0,1,1,2,1,3,1,64.93
